"Campaign name",Objective,"Delivery status","Delivery level",Reach,Impressions,Frequency,"Attribution setting","Result type",Results,"Amount spent (INR)","Cost per result",Starts,Ends,"Link clicks","CPC (cost per link click)","CPM (cost per 1,000 impressions)","CTR (all)","Messaging conversations started","Cost per event response","Cost per messaging subscription","Cost per messaging conversation started","Cost per new messaging contact",Leads,"Cost per lead","Reporting starts","Reporting ends"
,,,,4623415,14050253,3.03893399,,mixed,,404499.95,,,,54640,7.40300055,28.78951361,0.50884493,4716,,,85.77182994,108.91221055,,,2023-07-20,2026-08-19
"FB Ads - 01/07/2026",OUTCOME_ENGAGEMENT,active,campaign,2445894,4137856,1.69175606,"7-day click or 1-day view","Messaging conversations started",1621,79134.69,48.81843924,,,24880,3.18065474,19.12456354,0.69956519,1621,,,48.81843924,80.09584008,,,2023-07-20,2026-08-19
"LPU Punjab - 13/05",OUTCOME_ENGAGEMENT,inactive,campaign,830354,2087563,2.51406388,"7-day click or 1-day view","Messaging conversations started",570,66535.96,116.72975439,,,4095,16.24809768,31.87255187,0.33570244,570,,,116.72975439,125.776862,,,2023-07-20,2026-08-19
"FB Ads - New Session - 27/04/2026",OUTCOME_ENGAGEMENT,inactive,campaign,692472,1849356,2.67065816,"7-day click or 1-day view","Messaging conversations started",660,46887.77,71.04207576,,,6915,6.78058858,25.35356632,0.45951131,660,,,71.04207576,71.69383792,,,2023-07-20,2026-08-19
"Feb Ads - 31st Jan",OUTCOME_ENGAGEMENT,inactive,campaign,622296,1063444,1.7089038,"7-day click or 1-day view","Messaging conversations started",305,33201.74,108.85816393,,,3769,8.80916423,31.22095757,0.51173358,305,,,108.85816393,140.68533898,,,2023-07-20,2026-08-19
"FB Ads - 14/06/2026",OUTCOME_ENGAGEMENT,inactive,campaign,431012,818869,1.89987518,"7-day click or 1-day view","Messaging conversations started",190,23671.3,124.58578947,,,2541,9.31574183,28.90730996,0.39542344,190,,,124.58578947,125.24497354,,,2023-07-20,2026-08-19
"LPU - Sept",OUTCOME_ENGAGEMENT,inactive,campaign,258943,466249,1.80058546,"7-day click or 1-day view","Messaging conversations started",125,18477.25,147.818,,,985,18.75862944,39.62957561,0.3208586,125,,,147.818,157.92521368,,,2023-07-20,2026-08-19
"LPU Online – 20/25",OUTCOME_ENGAGEMENT,inactive,campaign,111702,237246,2.123919,"7-day click or 1-day view","Messaging conversations started",96,12412.42,129.29604167,,,621,19.98779388,52.31877461,0.42740447,96,,,129.29604167,133.46688172,,,2023-07-20,2026-08-19
"Fb Ads -SK - 06/08/2026",OUTCOME_ENGAGEMENT,inactive,campaign,238140,408199,1.71411355,"7-day click or 1-day view","Messaging conversations started",121,11789.24,97.43173554,,,1764,6.68324263,28.88110946,0.48040294,121,,,97.43173554,97.43173554,,,2023-07-20,2026-08-19
"SK-LPU-MAY 2025 – 1",OUTCOME_ENGAGEMENT,inactive,campaign,165071,319486,1.93544596,"7-day click or 1-day view","Messaging conversations started",51,11476.88,225.03686275,,,678,16.92755162,35.92295124,0.32145384,51,,,225.03686275,225.03686275,,,2023-07-20,2026-08-19
"Punjabi University",OUTCOME_ENGAGEMENT,inactive,campaign,111258,264322,2.37575725,"7-day click or 1-day view","Messaging conversations started",219,7419.42,33.87863014,,,814,9.11476658,28.0696272,0.67304273,219,,,33.87863014,36.548867,,,2023-07-20,2026-08-19
"LPU Distance Education Patiala",OUTCOME_ENGAGEMENT,inactive,campaign,117401,219079,1.86607439,"7-day click or 1-day view","Messaging conversations started",44,7175.04,163.06909091,,,403,17.80406948,32.75092547,0.34462454,44,,,163.06909091,175.00097561,,,2023-07-20,2026-08-19
"FB Ads - 23rd Jan",OUTCOME_ENGAGEMENT,inactive,campaign,122394,210815,1.7224292,"7-day click or 1-day view","Messaging conversations started",64,6740.71,105.32359375,,,794,8.48955919,31.97452743,0.58582169,64,,,105.32359375,177.38710526,,,2023-07-20,2026-08-19
"AMITY Ads",OUTCOME_ENGAGEMENT,inactive,campaign,55002,79700,1.44903822,"7-day click or 1-day view","Messaging conversations started",22,6452.3,293.28636364,,,226,28.55,80.95734003,0.47804266,22,,,293.28636364,293.28636364,,,2023-07-20,2026-08-19
"LPU Patiala 19/04/2025",OUTCOME_ENGAGEMENT,inactive,campaign,125510,225280,1.79491674,"7-day click or 1-day view","Messaging conversations started",70,6320.86,90.298,,,478,13.22355649,28.05779474,0.36221591,70,,,90.298,100.33111111,,,2023-07-20,2026-08-19
"SK- LPU - Facebook + Insta + Whtsapp Ads",OUTCOME_ENGAGEMENT,inactive,campaign,42157,80147,1.90115521,"7-day click or 1-day view","Messaging conversations started",66,5932.2,89.88181818,,,211,28.11469194,74.01649469,0.49159669,66,,,89.88181818,97.24918033,,,2023-07-20,2026-08-19
"FB Ads - 02/06/2026",OUTCOME_ENGAGEMENT,inactive,campaign,153382,214861,1.40082278,"7-day click or 1-day view","Messaging conversations started",58,5780.05,99.65603448,,,610,9.4754918,26.90134552,0.37605708,58,,,99.65603448,101.40438596,,,2023-07-20,2026-08-19
"FB Distance - 09/06/2026",OUTCOME_ENGAGEMENT,inactive,campaign,118759,183655,1.54645122,"7-day click or 1-day view","Messaging conversations started",34,5403.62,158.93,,,597,9.05128978,29.4226675,0.41817538,34,,,158.93,158.93,,,2023-07-20,2026-08-19
"SK-LPU-MAY 2025",OUTCOME_ENGAGEMENT,inactive,campaign,115798,219020,1.89139709,"7-day click or 1-day view","Messaging conversations started",43,5402.54,125.64046512,,,488,11.07077869,24.66687974,0.31138709,43,,,125.64046512,142.17210526,,,2023-07-20,2026-08-19
"FB Ads Online - 31/07/2026",OUTCOME_ENGAGEMENT,inactive,campaign,58810,104360,1.77452814,"7-day click or 1-day view","Messaging conversations started",28,5327.88,190.28142857,,,308,17.29831169,51.05289383,0.38137217,28,,,190.28142857,190.28142857,,,2023-07-20,2026-08-19
"CU Oonline - MAY 2025",OUTCOME_ENGAGEMENT,inactive,campaign,59823,92965,1.55400097,"7-day click or 1-day view","Messaging conversations started",44,4493.85,102.13295455,,,224,20.06183036,48.3391599,0.41521003,44,,,102.13295455,104.50813953,,,2023-07-20,2026-08-19
DegreeCraft,OUTCOME_ENGAGEMENT,inactive,campaign,26663,39365,1.4763905,"7-day click or 1-day view","Messaging conversations started",47,4176.41,88.85978723,,,151,27.65834437,106.09450019,0.64778356,47,,,88.85978723,90.79152174,,,2023-07-20,2026-08-19
"MBA - Degreecraft",OUTCOME_ENGAGEMENT,inactive,campaign,53046,80916,1.52539306,"7-day click or 1-day view","Messaging conversations started",13,4060.71,312.36230769,,,290,14.00244828,50.18426516,0.5141134,13,,,312.36230769,312.36230769,,,2023-07-20,2026-08-19
"JGND - Punjab - MAY 2025",OUTCOME_ENGAGEMENT,inactive,campaign,60396,94030,1.55689118,"7-day click or 1-day view","Messaging conversations started",67,3875.86,57.84865672,,,338,11.46704142,41.21939806,0.65298309,67,,,57.84865672,65.69254237,,,2023-07-20,2026-08-19
Skies,OUTCOME_ENGAGEMENT,inactive,campaign,7359,13451,1.82782987,"7-day click or 1-day view","Messaging conversations started",19,2938.82,154.67473684,,,94,31.26404255,218.48338414,0.9590365,19,,,154.67473684,154.67473684,,,2023-07-20,2026-08-19
"FB Online Ads - 13/05/2026",OUTCOME_ENGAGEMENT,inactive,campaign,29844,48212,1.6154671,"7-day click or 1-day view","Messaging conversations started",12,2217.87,184.8225,,,239,9.27979079,46.00244752,0.59321331,12,,,184.8225,184.8225,,,2023-07-20,2026-08-19
"FB Ads - 03/08/2026",OUTCOME_ENGAGEMENT,inactive,campaign,42492,48255,1.13562553,"7-day click or 1-day view","Messaging conversations started",12,1900.15,158.34583333,,,170,11.17735294,39.3772666,0.43726039,12,,,158.34583333,172.74090909,,,2023-07-20,2026-08-19
"FB Ads - 22/03/2026",OUTCOME_ENGAGEMENT,inactive,campaign,32806,48534,1.4794245,"7-day click or 1-day view","Messaging conversations started",14,1887.17,134.79785714,,,193,9.7780829,38.88346314,0.51716323,14,,,134.79785714,134.79785714,,,2023-07-20,2026-08-19
"New Engagement campaign",OUTCOME_ENGAGEMENT,inactive,campaign,21919,36097,1.64683608,"7-day click or 1-day view","Messaging conversations started",7,1748.83,249.83285714,,,154,11.35603896,48.44807048,0.5623736,7,,,249.83285714,291.47166667,,,2023-07-20,2026-08-19
"FB - March 2026",OUTCOME_ENGAGEMENT,inactive,campaign,35396,42522,1.20132218,"7-day click or 1-day view","Messaging conversations started",15,1567.24,104.48266667,,,218,7.18917431,36.8571563,0.65377922,15,,,104.48266667,104.48266667,,,2023-07-20,2026-08-19
"MMU - New",OUTCOME_ENGAGEMENT,inactive,campaign,20812,28391,1.3641649,"7-day click or 1-day view","Messaging conversations started",15,1519.86,101.324,,,102,14.90058824,53.53316192,0.5494699,15,,,101.324,108.56142857,,,2023-07-20,2026-08-19
"SKIES - 03/05/2026",OUTCOME_ENGAGEMENT,inactive,campaign,4776,9210,1.92839196,"7-day click or 1-day view","Messaging conversations started",16,1518.42,94.90125,,,59,25.7359322,164.86644951,1.27035831,16,,,94.90125,94.90125,,,2023-07-20,2026-08-19
"FB Ads Online - 07/08/2026",OUTCOME_ENGAGEMENT,inactive,campaign,22766,28563,1.2546341,"7-day click or 1-day view","Messaging conversations started",7,1145.53,163.64714286,,,121,9.46719008,40.10538109,0.49014459,7,,,163.64714286,163.64714286,,,2023-07-20,2026-08-19
MMU,OUTCOME_ENGAGEMENT,inactive,campaign,21448,27280,1.27191347,"7-day click or 1-day view","Messaging conversations started",10,1076.39,107.639,,,60,17.93983333,39.45711144,0.35190616,10,,,107.639,107.639,,,2023-07-20,2026-08-19
"LPU - 26/04",OUTCOME_ENGAGEMENT,inactive,campaign,25570,33686,1.31740321,"7-day click or 1-day view","Messaging conversations started",3,984.18,328.06,,,54,18.22555556,29.21629163,0.29685923,3,,,328.06,328.06,,,2023-07-20,2026-08-19
"LPU Page Ads - May 2025",OUTCOME_ENGAGEMENT,inactive,campaign,26625,32628,1.22546479,"7-day click or 1-day view","Messaging conversations started",2,894.52,447.26,,,61,14.6642623,27.41571656,0.31874464,2,,,447.26,447.26,,,2023-07-20,2026-08-19
"MMU - 18/04/2025",OUTCOME_ENGAGEMENT,inactive,campaign,6155,7743,1.25800162,"7-day click or 1-day view","Messaging conversations started",10,593.79,59.379,,,35,16.96542857,76.68733049,0.77489345,10,,,59.379,59.379,,,2023-07-20,2026-08-19
"FB - March 2026 – Copy",OUTCOME_ENGAGEMENT,inactive,campaign,5187,7245,1.39676113,"7-day click or 1-day view","Messaging conversations started",10,540.64,54.064,,,42,12.87238095,74.62249827,0.91097308,10,,,54.064,54.064,,,2023-07-20,2026-08-19
"LPU Punjab",LINK_CLICKS,inactive,campaign,74539,105612,1.41686902,"7-day click or 1-day view","Link clicks",758,517.48,0.68269129,,,758,0.68269129,4.89982199,0.76790516,,,,,,,,2023-07-20,2026-08-19
"Tailored messages campaign 06/05/2025 Campaign",OUTCOME_ENGAGEMENT,inactive,campaign,8138,9779,1.2016466,"7-day click or 1-day view","Messaging conversations started",3,273.02,91.00666667,,,24,11.37583333,27.91901012,0.42949177,3,,,91.00666667,91.00666667,,,2023-07-20,2026-08-19
"LPU - SET 18/04/2025",OUTCOME_ENGAGEMENT,inactive,campaign,4097,4795,1.17036856,"7-day click or 1-day view","Messaging conversations started",1,265.52,265.52,,,9,29.50222222,55.37434828,0.31282586,1,,,265.52,265.52,,,2023-07-20,2026-08-19
"Nov 2025 All Ads",OUTCOME_ENGAGEMENT,inactive,campaign,2835,3472,1.22469136,"7-day click or 1-day view","Messaging conversations started",2,234.11,117.055,,,5,46.822,67.42799539,0.34562212,2,,,117.055,117.055,,,2023-07-20,2026-08-19
"Post: ""Want to Study Overseas?""",LINK_CLICKS,inactive,campaign,4674,5201,1.11275139,"7-day click or 1-day view","Link clicks",50,197.05,3.941,,,50,3.941,37.88694482,1.40357624,,,,,,,,2023-07-20,2026-08-19
"Messages Ad: 🎓Admission Open for - Distance & Online Learning...",MESSAGES,inactive,campaign,6917,7799,1.12751193,"7-day click or 1-day view",,,159.15,,,,8,19.89375,20.40646237,0.21797666,,,,,,,,2023-07-20,2026-08-19
"FB Ads - 08/07/2026",OUTCOME_ENGAGEMENT,inactive,campaign,3847,3878,1.00805823,"7-day click or 1-day view",,,108.93,,,,3,36.31,28.08922125,0.15471893,,,,,,,,2023-07-20,2026-08-19
"LPU Online",OUTCOME_ENGAGEMENT,inactive,campaign,928,1046,1.12715517,"7-day click or 1-day view",,,60.14,,,,1,60.14,57.49521989,0.28680688,,,,,,,,2023-07-20,2026-08-19
"New Session Ads - Nov 2025",OUTCOME_ENGAGEMENT,inactive,campaign,66,71,1.07575758,"7-day click or 1-day view",,,2.44,,,,,,34.36619718,0,,,,,,,,2023-07-20,2026-08-19
