"Campaign name","Campaign ID",Month,"Ad set name",Region,"Delivery status","Delivery level",Reach,Impressions,Frequency,"Attribution setting","Result type",Results,"Amount spent (INR)","Cost per result",Starts,Ends,"Link clicks","CPC (cost per link click)","CPM (cost per 1,000 impressions)","CTR (all)","Messaging conversations replied","Messaging conversations started","Unique CTR (all)","Cost per lead",Leads,"Leads conversion value","Ad delivery","Ad set delivery","Campaign delivery","Result rate","Cost per messaging conversation started","Reporting starts","Reporting ends"
,,,,,,,4623414,14050291,3.03894287,,,,404501.49,,,,54645,7.40235136,28.78954536,0.50887914,5,4716,1.19349035,,,,,,,,85.77215649,2023-07-20,2026-08-19
"FB Ads - 01/07/2026",6976611088797,"2026-08-01 - 2026-08-19","Ad set 1",Guangdong,active,adset,1,1,1,"7-day click or 1-day view","Messaging conversations started",,0.02999959,,2026-07-01,Ongoing,,,29.99958637,0,,,,,,,,active,active,,,2026-08-01,2026-08-19
"Fb Ads -SK - 06/08/2026",6988772271597,"2026-08-01 - 2026-08-19","ad set 1","Punjab region",not_delivering,adset,197411,331170,1.67756609,"7-day click or 1-day view","Messaging conversations started",,9468.13388074,,2026-08-05,Ongoing,1417,6.68181643,28.58995042,0.47105716,1,,,,,,,not_delivering,inactive,,,2026-08-01,2026-08-19
"Fb Ads -SK - 06/08/2026",6988772271597,"2026-08-01 - 2026-08-19","ad set 1",Chandigarh,not_delivering,adset,17801,23857,1.34020561,"7-day click or 1-day view","Messaging conversations started",,787.9945487,,2026-08-05,Ongoing,95,8.29467946,33.02990941,0.47784717,,,,,,,,not_delivering,inactive,,,2026-08-01,2026-08-19
"Fb Ads -SK - 06/08/2026",6988772271597,"2026-08-01 - 2026-08-19","ad set 1",Unknown,not_delivering,adset,0,3,0,"7-day click or 1-day view","Messaging conversations started",,0.03999769,,2026-08-05,Ongoing,,,13.33256431,0,,,,,,,,not_delivering,inactive,,,2026-08-01,2026-08-19
"FB Ads Online - 07/08/2026",6989431968797,"2026-08-01 - 2026-08-19",LPU,Chandigarh,not_delivering,adset,1105,1396,1.26334842,"7-day click or 1-day view","Messaging conversations started",,70.67,,2026-08-07,Ongoing,7,10.09571429,50.62320917,0.50143266,,,,,,,,not_delivering,inactive,,,2026-08-01,2026-08-19
"FB Ads Online - 07/08/2026",6989431968797,"2026-08-01 - 2026-08-19",LPU,"Punjab region",not_delivering,adset,13560,15874,1.17064897,"7-day click or 1-day view","Messaging conversations started",,607.96,,2026-08-07,Ongoing,57,10.66596491,38.29910546,0.41577422,,,,,,,,not_delivering,inactive,,,2026-08-01,2026-08-19
"FB Ads Online - 07/08/2026",6989431968797,"2026-08-01 - 2026-08-19",LPU,"Himachal Pradesh",not_delivering,adset,4357,5591,1.2832224,"7-day click or 1-day view","Messaging conversations started",,257.9,,2026-08-07,Ongoing,30,8.59666667,46.12770524,0.60812019,,,,,,,,not_delivering,inactive,,,2026-08-01,2026-08-19
"FB Ads - 01/07/2026",6976611088797,"2026-08-01 - 2026-08-19","Ad set 1","Punjab region",active,adset,737961,1332189,1.80522954,"7-day click or 1-day view","Messaging conversations started",,31420.72677079,,2026-07-01,Ongoing,10753,2.92204285,23.58578758,0.9104564,,,,,,,,active,active,,,2026-08-01,2026-08-19
"FB Ads - 01/07/2026",6976611088797,"2026-08-01 - 2026-08-19","Ad set 1",Chandigarh,active,adset,46444,76026,1.63693911,"7-day click or 1-day view","Messaging conversations started",,2300.95827437,,2026-07-01,Ongoing,462,4.98042917,30.26541281,0.71686002,,,,,,,,active,active,,,2026-08-01,2026-08-19
"FB Ads - 01/07/2026",6976611088797,"2026-08-01 - 2026-08-19","Ad set 1","Himachal Pradesh",active,adset,49785,83048,1.66813297,"7-day click or 1-day view","Messaging conversations started",,1816.10495953,,2026-07-01,Ongoing,476,3.81534655,21.86813601,0.64300164,,,,,,,,active,active,,,2026-08-01,2026-08-19
"FB Ads - 01/07/2026",6976611088797,"2026-08-01 - 2026-08-19","Ad set 1",Unknown,active,adset,1,13,13,"7-day click or 1-day view","Messaging conversations started",,0.29999586,,2026-07-01,Ongoing,,,23.0766049,0,,,,,,,,active,active,,,2026-08-01,2026-08-19
"Fb Ads -SK - 06/08/2026",6988772271597,"2026-08-01 - 2026-08-19","ad set 1",Haryana,not_delivering,adset,33887,53169,1.56900876,"7-day click or 1-day view","Messaging conversations started",,1533.07157287,,2026-08-05,Ongoing,252,6.08361735,28.83393656,0.53978822,1,,,,,,,not_delivering,inactive,,,2026-08-01,2026-08-19
"FB Ads Online - 07/08/2026",6989431968797,"2026-08-01 - 2026-08-19",LPU,"Jammu and Kashmir",not_delivering,adset,4416,5702,1.29121377,"7-day click or 1-day view","Messaging conversations started",,209,,2026-08-07,Ongoing,27,7.74074074,36.65380568,0.5787443,,,,,,,,not_delivering,inactive,,,2026-08-01,2026-08-19
"FB Ads - 03/08/2026",6987226896197,"2026-08-01 - 2026-08-19","Ad set 1","Himachal Pradesh",not_delivering,adset,3225,3788,1.17457364,"7-day click or 1-day view","Messaging conversations started",,113.91700242,,2026-08-03,Ongoing,14,8.13692874,30.0731263,0.39598733,,,,,,,,not_delivering,inactive,,,2026-08-01,2026-08-19
"FB Ads Online - 31/07/2026",6986086789197,"2026-08-01 - 2026-08-19",AMITY,"Jammu and Kashmir",not_delivering,adset,4945,7346,1.48554095,"7-day click or 1-day view","Messaging conversations started",,409.25814948,,2026-07-31,Ongoing,36,11.36828193,55.71170017,0.54451402,,,,,,,,not_delivering,inactive,,,2026-08-01,2026-08-19
"FB Ads Online - 31/07/2026",6986086789197,"2026-08-01 - 2026-08-19",AMITY,Chandigarh,not_delivering,adset,1079,1361,1.2613531,"7-day click or 1-day view","Messaging conversations started",,66.07970121,,2026-07-31,Ongoing,1,66.07970121,48.55231537,0.07347539,,,,,,,,not_delivering,inactive,,,2026-08-01,2026-08-19
"FB Ads - 03/08/2026",6987226896197,"2026-08-01 - 2026-08-19","Ad set 1",Chandigarh,not_delivering,adset,3019,3407,1.12851938,"7-day click or 1-day view","Messaging conversations started",,143.75621724,,2026-08-03,Ongoing,13,11.05817056,42.1943696,0.46962137,,,,,,,,not_delivering,inactive,,,2026-08-01,2026-08-19
"FB Ads Online - 31/07/2026",6986086789197,"2026-08-01 - 2026-08-19",AMITY,"Punjab region",not_delivering,adset,10807,15225,1.40880911,"7-day click or 1-day view","Messaging conversations started",,805.40635825,,2026-07-31,Ongoing,48,16.77929913,52.90025342,0.38095238,,,,,,,,not_delivering,inactive,,,2026-08-01,2026-08-19
"FB Ads - 01/07/2026",6976611088797,"2026-08-01 - 2026-08-19","Ad set 1","Luanda Province",active,adset,1,1,1,"7-day click or 1-day view","Messaging conversations started",,0.00999986,,2026-07-01,Ongoing,,,9.99986212,0,,,,,,,,active,active,,,2026-08-01,2026-08-19
"FB Ads Online - 31/07/2026",6986086789197,"2026-08-01 - 2026-08-19",AMITY,Haryana,not_delivering,adset,8135,11287,1.38746159,"7-day click or 1-day view","Messaging conversations started",,658.7670213,,2026-07-31,Ongoing,42,15.68492908,58.36511219,0.47842651,,,,,,,,not_delivering,inactive,,,2026-08-01,2026-08-19
"FB Ads Online - 31/07/2026",6986086789197,"2026-08-01 - 2026-08-19",AMITY,"Himachal Pradesh",not_delivering,adset,2945,4310,1.46349745,"7-day click or 1-day view","Messaging conversations started",,272.07876976,,2026-07-31,Ongoing,19,14.31993525,63.12732477,0.46403712,,,,,,,,not_delivering,inactive,,,2026-08-01,2026-08-19
"FB Ads Online - 31/07/2026",6986086789197,"2026-08-01 - 2026-08-19",LPU,Chandigarh,not_delivering,adset,1501,2303,1.53431046,"7-day click or 1-day view","Messaging conversations started",,107.40776517,,2026-07-31,Ongoing,8,13.42597065,46.6381959,0.39079462,,,,,,,,not_delivering,inactive,,,2026-08-01,2026-08-19
"FB Ads Online - 31/07/2026",6986086789197,"2026-08-01 - 2026-08-19",LPU,"Punjab region",not_delivering,adset,18109,29090,1.60638357,"7-day click or 1-day view","Messaging conversations started",,1347.7019584,,2026-07-31,Ongoing,66,20.41972664,46.32870259,0.33001031,,,,,,,,not_delivering,inactive,,,2026-08-01,2026-08-19
"FB Ads Online - 31/07/2026",6986086789197,"2026-08-01 - 2026-08-19",LPU,"Jammu and Kashmir",not_delivering,adset,5441,8857,1.62782577,"7-day click or 1-day view","Messaging conversations started",,565.09824201,,2026-07-31,Ongoing,30,18.83660807,63.80244349,0.4742012,,,,,,,,not_delivering,inactive,,,2026-08-01,2026-08-19
"FB Ads Online - 31/07/2026",6986086789197,"2026-08-01 - 2026-08-19",LPU,"Himachal Pradesh",not_delivering,adset,5145,8287,1.61068999,"7-day click or 1-day view","Messaging conversations started",,382.83203442,,2026-07-31,Ongoing,26,14.72430902,46.19669777,0.42234826,,,,,,,,not_delivering,inactive,,,2026-08-01,2026-08-19
"FB Ads - 03/08/2026",6987226896197,"2026-08-01 - 2026-08-19","Ad set 1","Punjab region",not_delivering,adset,37115,41060,1.10629126,"7-day click or 1-day view","Messaging conversations started",,1642.47678034,,2026-08-03,Ongoing,143,11.48585161,40.00186995,0.43838285,,,,,,,,not_delivering,inactive,,,2026-08-01,2026-08-19
"FB Ads Online - 31/07/2026",6986086789197,"2026-07-01 - 2026-07-31",AMITY,Haryana,not_delivering,adset,2491,2768,1.11120032,"7-day click or 1-day view","Messaging conversations started",,136.69,,2026-07-31,Ongoing,9,15.18777778,49.38222543,0.36127168,,,,,,,,not_delivering,inactive,,,2026-07-01,2026-07-31
"FB Ads - 14/06/2026",6959678385397,"2026-07-01 - 2026-07-31","Ad set 1","Punjab region",not_delivering,adset,21491,22838,1.0626774,"7-day click or 1-day view","Messaging conversations started",,593.67,,2026-06-14,Ongoing,72,8.24541667,25.99483317,0.36342937,,,,,,,,not_delivering,inactive,,,2026-07-01,2026-07-31
"FB Ads - 01/07/2026",6976611088797,"2026-07-01 - 2026-07-31","Ad set 1","Al Rayyan",active,adset,1,1,1,"7-day click or 1-day view","Messaging conversations started",,0,,2026-07-01,Ongoing,,,0,0,,,,,,,,active,active,,,2026-07-01,2026-07-31
"FB Ads - 14/06/2026",6959678385397,"2026-07-01 - 2026-07-31","Ad set 1",Chandigarh,not_delivering,adset,1033,1117,1.08131655,"7-day click or 1-day view","Messaging conversations started",,31.04,,2026-06-14,Ongoing,5,6.208,27.78871979,0.44762757,,,,,,,,not_delivering,inactive,,,2026-07-01,2026-07-31
"FB Ads - 14/06/2026",6959678385397,"2026-07-01 - 2026-07-31","Ad set 1","Jammu and Kashmir",not_delivering,adset,4191,4579,1.09257934,"7-day click or 1-day view","Messaging conversations started",,120.22,,2026-06-14,Ongoing,13,9.24769231,26.25464075,0.34942127,,,,,,,,not_delivering,inactive,,,2026-07-01,2026-07-31
"FB Ads - 14/06/2026",6959678385397,"2026-07-01 - 2026-07-31","Ad set 1","Himachal Pradesh",not_delivering,adset,2742,3037,1.1075857,"7-day click or 1-day view","Messaging conversations started",,65.9,,2026-06-14,Ongoing,8,8.2375,21.69904511,0.36219954,,,,,,,,not_delivering,inactive,,,2026-07-01,2026-07-31
"FB Ads - 14/06/2026",6959678385397,"2026-07-01 - 2026-07-31","Ad set 1",Unknown,not_delivering,adset,0,1,0,"7-day click or 1-day view","Messaging conversations started",,0.02,,2026-06-14,Ongoing,,,20,0,,,,,,,,not_delivering,inactive,,,2026-07-01,2026-07-31
"FB Ads - 08/07/2026",6979195968197,"2026-07-01 - 2026-07-31","Ad set 1",Chandigarh,not_delivering,adset,239,240,1.0041841,"7-day click or 1-day view","Messaging conversations started",,7.29,,2026-07-08,Ongoing,,,30.375,0,,,,,,,,not_delivering,inactive,,,2026-07-01,2026-07-31
"FB Ads Online - 31/07/2026",6986086789197,"2026-07-01 - 2026-07-31",AMITY,"Punjab region",not_delivering,adset,3052,3471,1.13728702,"7-day click or 1-day view","Messaging conversations started",,167.02,,2026-07-31,Ongoing,9,18.55777778,48.11869778,0.31691155,,,,,,,,not_delivering,inactive,,,2026-07-01,2026-07-31
"FB Ads Online - 31/07/2026",6986086789197,"2026-07-01 - 2026-07-31",AMITY,"Jammu and Kashmir",not_delivering,adset,1416,1608,1.13559322,"7-day click or 1-day view","Messaging conversations started",,63.52,,2026-07-31,Ongoing,6,10.58666667,39.50248756,0.37313433,,,,,,,,not_delivering,inactive,,,2026-07-01,2026-07-31
"FB Ads Online - 31/07/2026",6986086789197,"2026-07-01 - 2026-07-31",LPU,Chandigarh,not_delivering,adset,307,358,1.16612378,"7-day click or 1-day view","Messaging conversations started",,15.3,,2026-07-31,Ongoing,,,42.73743017,0.55865922,,,,,,,,not_delivering,inactive,,,2026-07-01,2026-07-31
"FB Ads Online - 31/07/2026",6986086789197,"2026-07-01 - 2026-07-31",AMITY,"Himachal Pradesh",not_delivering,adset,707,862,1.21923621,"7-day click or 1-day view","Messaging conversations started",,35.69,,2026-07-31,Ongoing,1,35.69,41.4037123,0.11600928,,,,,,,,not_delivering,inactive,,,2026-07-01,2026-07-31
"FB Ads Online - 31/07/2026",6986086789197,"2026-07-01 - 2026-07-31",AMITY,Chandigarh,not_delivering,adset,296,324,1.09459459,"7-day click or 1-day view","Messaging conversations started",,13.02,,2026-07-31,Ongoing,,,40.18518519,0,,,,,,,,not_delivering,inactive,,,2026-07-01,2026-07-31
"FB Ads - 08/07/2026",6979195968197,"2026-07-01 - 2026-07-31","Ad set 1","Punjab region",not_delivering,adset,3616,3638,1.00608407,"7-day click or 1-day view","Messaging conversations started",,101.64,,2026-07-08,Ongoing,3,33.88,27.93842771,0.16492578,,,,,,,,not_delivering,inactive,,,2026-07-01,2026-07-31
"FB Ads Online - 31/07/2026",6986086789197,"2026-07-01 - 2026-07-31",LPU,"Punjab region",not_delivering,adset,3813,4431,1.1620771,"7-day click or 1-day view","Messaging conversations started",,185.5,,2026-07-31,Ongoing,4,46.375,41.86413902,0.15797788,,,,,,,,not_delivering,inactive,,,2026-07-01,2026-07-31
"FB Ads Online - 31/07/2026",6986086789197,"2026-07-01 - 2026-07-31",LPU,"Himachal Pradesh",not_delivering,adset,1014,1185,1.16863905,"7-day click or 1-day view","Messaging conversations started",,45.32,,2026-07-31,Ongoing,,,38.24472574,0.08438819,,,,,,,,not_delivering,inactive,,,2026-07-01,2026-07-31
"FB Ads - 01/07/2026",6976611088797,"2026-07-01 - 2026-07-31","Ad set 1",Chandigarh,active,adset,41295,94390,2.28574888,"7-day click or 1-day view","Messaging conversations started",,2555.50593238,,2026-07-01,Ongoing,342,7.47223957,27.07390542,0.43860578,,,,,,,,active,active,,,2026-07-01,2026-07-31
"FB Ads - 01/07/2026",6976611088797,"2026-07-01 - 2026-07-31","Ad set 1","Himachal Pradesh",active,adset,57660,188650,3.27176552,"7-day click or 1-day view","Messaging conversations started",,2980.32359383,,2026-07-01,Ongoing,938,3.17731726,15.79816376,0.58362046,,,,,,,,active,active,,,2026-07-01,2026-07-31
"FB Ads - 01/07/2026",6976611088797,"2026-07-01 - 2026-07-31","Ad set 1","Jammu and Kashmir",active,adset,24257,35125,1.44803562,"7-day click or 1-day view","Messaging conversations started",,1130.50377677,,2026-07-01,Ongoing,125,9.04403021,32.1851609,0.42135231,,,,,,,,active,active,,,2026-07-01,2026-07-31
"FB Ads - 01/07/2026",6976611088797,"2026-07-01 - 2026-07-31","Ad set 1","Punjab region",active,adset,556618,2328408,4.18313457,"7-day click or 1-day view","Messaging conversations started",,36931.40669899,,2026-07-01,Ongoing,11789,3.13270054,15.86122651,0.60474797,,,,,,,,active,active,,,2026-07-01,2026-07-31
"FB Ads - 01/07/2026",6976611088797,"2026-07-01 - 2026-07-31","Ad set 1",Unknown,active,adset,42,42,1,"7-day click or 1-day view","Messaging conversations started",,0.35999802,,2026-07-01,Ongoing,,,8.57138139,0,,,,,,,,active,active,,,2026-07-01,2026-07-31
"FB Ads Online - 31/07/2026",6986086789197,"2026-07-01 - 2026-07-31",LPU,"Jammu and Kashmir",not_delivering,adset,1086,1287,1.18508287,"7-day click or 1-day view","Messaging conversations started",,51.19,,2026-07-31,Ongoing,3,17.06333333,39.77466977,0.38850039,,,,,,,,not_delivering,inactive,,,2026-07-01,2026-07-31
"FB Ads - 14/06/2026",6959678385397,"2026-06-01 - 2026-06-30","Ad set 1",Chandigarh,not_delivering,adset,14750,25737,1.74488136,"7-day click or 1-day view","Messaging conversations started",,992.7100123,,2026-06-14,Ongoing,67,14.81656735,38.57131804,0.34192019,,,,,,,,not_delivering,inactive,,,2026-06-01,2026-06-30
"FB Ads - New Session - 27/04/2026",6910460698397,"2026-06-01 - 2026-06-30","Ads - Punjab","Punjab region",not_delivering,adset,134432,190097,1.41407552,"7-day click or 1-day view","Messaging conversations started",,5765.48,,2026-04-27,Ongoing,657,8.77546423,30.32914775,0.43504106,,,,,,,,not_delivering,inactive,,,2026-06-01,2026-06-30
"FB Ads - 02/06/2026",6941440443997,"2026-06-01 - 2026-06-30","Ads - Punjab","Punjab region",inactive,adset,96612,130834,1.35422101,"7-day click or 1-day view","Messaging conversations started",,3148.76,,2026-05-30,Ongoing,440,7.15627273,24.06683278,0.42267301,,,,,,,,inactive,inactive,,,2026-06-01,2026-06-30
"FB Ads - 02/06/2026",6941440443997,"2026-06-01 - 2026-06-30","Ads - City","Punjab region",not_delivering,adset,43934,55969,1.27393363,"7-day click or 1-day view","Messaging conversations started",,1803.68314525,,2026-05-30,Ongoing,112,16.1043138,32.22646725,0.29480605,,,,,,,,not_delivering,inactive,,,2026-06-01,2026-06-30
"FB Ads - 02/06/2026",6941440443997,"2026-06-01 - 2026-06-30","Ads - City","Himachal Pradesh",not_delivering,adset,6693,8972,1.34050501,"7-day click or 1-day view","Messaging conversations started",,249.29905256,,2026-05-30,Ongoing,14,17.80707518,27.78634112,0.26749889,,,,,,,,not_delivering,inactive,,,2026-06-01,2026-06-30
"FB Ads - 02/06/2026",6941440443997,"2026-06-01 - 2026-06-30","Ads - City","Jammu and Kashmir",not_delivering,adset,13438,19086,1.42030064,"7-day click or 1-day view","Messaging conversations started",,578.30780219,,2026-05-30,Ongoing,44,13.14335914,30.3001049,0.34580321,,,,,,,,not_delivering,inactive,,,2026-06-01,2026-06-30
"FB Ads - 14/06/2026",6959678385397,"2026-06-01 - 2026-06-30","Ad set 1","Himachal Pradesh",not_delivering,adset,41693,72515,1.73926079,"7-day click or 1-day view","Messaging conversations started",,1912.86075462,,2026-06-14,Ongoing,238,8.03723006,26.37882858,0.42336068,,,,,,,,not_delivering,inactive,,,2026-06-01,2026-06-30
"FB Ads - 14/06/2026",6959678385397,"2026-06-01 - 2026-06-30","Ad set 1",Unknown,not_delivering,adset,0,8,0,"7-day click or 1-day view","Messaging conversations started",,0.09999899,,2026-06-14,Ongoing,,,12.49987424,0,,,,,,,,not_delivering,inactive,,,2026-06-01,2026-06-30
"FB Ads - 14/06/2026",6959678385397,"2026-06-01 - 2026-06-30","Ad set 1","Jammu and Kashmir",not_delivering,adset,50274,97478,1.93893464,"7-day click or 1-day view","Messaging conversations started",,2912.5606966,,2026-06-14,Ongoing,263,11.07437527,29.87915937,0.36315887,,,,,,,,not_delivering,inactive,,,2026-06-01,2026-06-30
"FB Ads - 14/06/2026",6959678385397,"2026-06-01 - 2026-06-30","Ad set 1","Punjab region",not_delivering,adset,302800,591558,1.95362616,"7-day click or 1-day view","Messaging conversations started",,17042.20853759,,2026-06-14,Ongoing,1875,9.08917789,28.80902386,0.40131314,,,,,,,,not_delivering,inactive,,,2026-06-01,2026-06-30
"FB Ads - 14/06/2026",6959678385397,"2026-06-01 - 2026-06-30","Ad set 1",Dubai,not_delivering,adset,1,1,1,"7-day click or 1-day view","Messaging conversations started",,0.0099999,,2026-06-14,Ongoing,,,9.99989939,0,,,,,,,,not_delivering,inactive,,,2026-06-01,2026-06-30
"FB Distance - 09/06/2026",6953152263197,"2026-06-01 - 2026-06-30","Ad set 1","Punjab region",not_delivering,adset,121172,183655,1.51565543,"7-day click or 1-day view","Messaging conversations started",,5403.62,,2026-06-09,Ongoing,597,9.05128978,29.4226675,0.41817538,,,,,,,,not_delivering,inactive,,,2026-06-01,2026-06-30
"SKIES - 03/05/2026",6915936952597,"2026-05-01 - 2026-05-31","Ad Set 1","Punjab region",not_delivering,adset,4856,9210,1.89662273,"7-day click or 1-day view","Messaging conversations started",,1518.42,,2026-05-03,Ongoing,59,25.7359322,164.86644951,1.27035831,,,,,,,,not_delivering,inactive,,,2026-05-01,2026-05-31
"FB Ads - New Session - 27/04/2026",6910460698397,"2026-05-01 - 2026-05-31","Ads - HP+Jammu","Jammu and Kashmir",inactive,adset,17198,23898,1.38958018,"7-day click or 1-day view","Messaging conversations started",,587.52528354,,2026-04-26,Ongoing,87,6.75316418,24.58470514,0.48121182,,,,,,,,inactive,inactive,,,2026-05-01,2026-05-31
"FB Ads - New Session - 27/04/2026",6910460698397,"2026-05-01 - 2026-05-31","Ads - HP+Jammu",Chandigarh,inactive,adset,23223,29506,1.27055075,"7-day click or 1-day view","Messaging conversations started",,849.59317974,,2026-04-26,Ongoing,89,9.54599078,28.79391242,0.42364265,,,,,,,,inactive,inactive,,,2026-05-01,2026-05-31
"FB Ads - New Session - 27/04/2026",6910460698397,"2026-05-01 - 2026-05-31","Ads - HP+Jammu","Himachal Pradesh",inactive,adset,24910,35056,1.4073063,"7-day click or 1-day view","Messaging conversations started",,868.47302818,,2026-04-26,Ongoing,133,6.52987239,24.77387689,0.48779096,,,,,,,,inactive,inactive,,,2026-05-01,2026-05-31
"FB Ads - New Session - 27/04/2026",6910460698397,"2026-05-01 - 2026-05-31","Ad Online","Punjab region",inactive,adset,20523,33298,1.62247235,"7-day click or 1-day view","Messaging conversations started",,1314.24675935,,2026-05-01,Ongoing,117,11.23287829,39.46924018,0.44447114,,,,,,,,inactive,inactive,,,2026-05-01,2026-05-31
"FB Ads - New Session - 27/04/2026",6910460698397,"2026-05-01 - 2026-05-31","Ad Online",Haryana,inactive,adset,41,66,1.6097561,"7-day click or 1-day view","Messaging conversations started",,1.66998318,,2026-05-01,Ongoing,,,25.30277539,0,,,,,,,,inactive,inactive,,,2026-05-01,2026-05-31
"FB Ads - New Session - 27/04/2026",6910460698397,"2026-05-01 - 2026-05-31","Ad Online",Chandigarh,inactive,adset,1382,2045,1.47973951,"7-day click or 1-day view","Messaging conversations started",,83.83915535,,2026-05-01,Ongoing,4,20.95978884,40.99714198,0.29339853,,,,,,,,inactive,inactive,,,2026-05-01,2026-05-31
"FB Ads - New Session - 27/04/2026",6910460698397,"2026-05-01 - 2026-05-31","Ads - Punjab – Online","Jammu and Kashmir",inactive,adset,9136,13176,1.44220665,"7-day click or 1-day view","Messaging conversations started",,389.65351794,,2026-05-06,Ongoing,32,12.17667244,29.57297495,0.31876138,,,,,,,,inactive,inactive,,,2026-05-01,2026-05-31
"FB Ads - New Session - 27/04/2026",6910460698397,"2026-05-01 - 2026-05-31","Ad Online","Jammu and Kashmir",inactive,adset,10809,15163,1.40281247,"7-day click or 1-day view","Messaging conversations started",,495.08501217,,2026-05-01,Ongoing,59,8.39127139,32.65086145,0.49462507,,,,,,,,inactive,inactive,,,2026-05-01,2026-05-31
"FB Ads - New Session - 27/04/2026",6910460698397,"2026-05-01 - 2026-05-31","Ad Online","Himachal Pradesh",inactive,adset,2655,3500,1.31826742,"7-day click or 1-day view","Messaging conversations started",,90.32908996,,2026-05-01,Ongoing,15,6.02193933,25.80831142,0.57142857,,,,,,,,inactive,inactive,,,2026-05-01,2026-05-31
"FB Ads - New Session - 27/04/2026",6910460698397,"2026-05-01 - 2026-05-31","Ads - Punjab – Online",Haryana,inactive,adset,2661,3622,1.36114243,"7-day click or 1-day view","Messaging conversations started",,112.16389121,,2026-05-06,Ongoing,17,6.59787595,30.96739128,0.52457206,,,,,,,,inactive,inactive,,,2026-05-01,2026-05-31
"FB Online Ads - 13/05/2026",6924458397597,"2026-05-01 - 2026-05-31","Ad set","Punjab region",not_delivering,adset,29094,45413,1.56090603,"7-day click or 1-day view","Messaging conversations started",,2073.07195861,,2026-05-13,Ongoing,228,9.09242087,45.64930656,0.59674543,,,,,,,,not_delivering,inactive,,,2026-05-01,2026-05-31
"FB Ads - New Session - 27/04/2026",6910460698397,"2026-05-01 - 2026-05-31","Ads - HP+Jammu",Haryana,inactive,adset,4674,5698,1.2190843,"7-day click or 1-day view","Messaging conversations started",,185.78850855,,2026-04-26,Ongoing,31,5.9931777,32.60591586,0.63180063,,,,,,,,inactive,inactive,,,2026-05-01,2026-05-31
"FB Ads - New Session - 27/04/2026",6910460698397,"2026-05-01 - 2026-05-31","Ads - Punjab – Online",Chandigarh,inactive,adset,2150,2999,1.39488372,"7-day click or 1-day view","Messaging conversations started",,89.43310263,,2026-05-06,Ongoing,12,7.45275855,29.82097454,0.40013338,,,,,,,,inactive,inactive,,,2026-05-01,2026-05-31
"FB Ads - New Session - 27/04/2026",6910460698397,"2026-05-01 - 2026-05-31","Ads - Punjab – Online","Punjab region",inactive,adset,56307,90675,1.61036816,"7-day click or 1-day view","Messaging conversations started",,2706.13388176,,2026-05-06,Ongoing,257,10.52970382,29.84432183,0.3462917,,,,,,,,inactive,inactive,,,2026-05-01,2026-05-31
"New Engagement campaign",6931637948197,"2026-05-01 - 2026-05-31","New Engagement ad set",Haryana,not_delivering,adset,2,2,1,"7-day click or 1-day view","Messaging conversations started",,0.0099976,,2026-05-20,Ongoing,,,4.99879949,0,,,,,,,,not_delivering,inactive,,,2026-05-01,2026-05-31
"New Engagement campaign",6931637948197,"2026-05-01 - 2026-05-31","New Engagement ad set",Chandigarh,not_delivering,adset,10594,16439,1.55172739,"7-day click or 1-day view","Messaging conversations started",,711.84904193,,2026-05-20,Ongoing,84,8.47439336,43.30245404,0.59614332,,,,,,,,not_delivering,inactive,,,2026-05-01,2026-05-31
"New Engagement campaign",6931637948197,"2026-05-01 - 2026-05-31","New Engagement ad set","Punjab region",not_delivering,adset,12131,19655,1.62022916,"7-day click or 1-day view","Messaging conversations started",,1036.96096287,,2026-05-20,Ongoing,70,14.81372804,52.75812581,0.53421521,,,,,,,,not_delivering,inactive,,,2026-05-01,2026-05-31
"FB Ads - New Session - 27/04/2026",6910460698397,"2026-05-01 - 2026-05-31","Ads - Punjab","Punjab region",not_delivering,adset,487512,1294595,2.65551412,"7-day click or 1-day view","Messaging conversations started",,29949.97,,2026-04-27,Ongoing,4957,6.04195481,23.13462511,0.46771384,,,,,,,,not_delivering,inactive,,,2026-05-01,2026-05-31
"New Engagement campaign",6931637948197,"2026-05-01 - 2026-05-31","New Engagement ad set","Himachal Pradesh",not_delivering,adset,1,1,1,"7-day click or 1-day view","Messaging conversations started",,0.0099976,,2026-05-20,Ongoing,,,9.99759897,0,,,,,,,,not_delivering,inactive,,,2026-05-01,2026-05-31
"FB Online Ads - 13/05/2026",6924458397597,"2026-05-01 - 2026-05-31","Ad set",Chandigarh,not_delivering,adset,1436,2005,1.39623955,"7-day click or 1-day view","Messaging conversations started",,100.90863506,,2026-05-13,Ongoing,8,12.61357938,50.32849629,0.59850374,,,,,,,,not_delivering,inactive,,,2026-05-01,2026-05-31
"FB Ads - New Session - 27/04/2026",6910460698397,"2026-05-01 - 2026-05-31","Ads - Punjab – Online",Uttarakhand,inactive,adset,980,1279,1.30510204,"7-day click or 1-day view","Messaging conversations started",,38.91134992,,2026-05-06,Ongoing,6,6.48522499,30.4232603,0.4691165,,,,,,,,inactive,inactive,,,2026-05-01,2026-05-31
"FB Ads - New Session - 27/04/2026",6910460698397,"2026-05-01 - 2026-05-31","Ads - Punjab – Online","Himachal Pradesh",inactive,adset,3122,4350,1.3933376,"7-day click or 1-day view","Messaging conversations started",,122.69425653,,2026-05-06,Ongoing,18,6.81634759,28.20557621,0.59770115,,,,,,,,inactive,inactive,,,2026-05-01,2026-05-31
"FB Online Ads - 13/05/2026",6924458397597,"2026-05-01 - 2026-05-31","Ad set",Haryana,not_delivering,adset,630,794,1.26031746,"7-day click or 1-day view","Messaging conversations started",,43.88940633,,2026-05-13,Ongoing,3,14.62980211,55.27633039,0.37783375,,,,,,,,not_delivering,inactive,,,2026-05-01,2026-05-31
"FB Ads - New Session - 27/04/2026",6910460698397,"2026-04-01 - 2026-04-30","Ads - Punjab","Punjab region",not_delivering,adset,67326,100333,1.49025636,"7-day click or 1-day view","Messaging conversations started",,3236.78,,2026-04-27,Ongoing,424,7.63391509,32.26037296,0.49933721,,,,,,,,not_delivering,inactive,,,2026-04-01,2026-04-30
"FB - March 2026 – Copy",6882908660797,"2026-03-01 - 2026-03-31","Ad set 1",Haryana,not_delivering,adset,7,9,1.28571429,"7-day click or 1-day view","Messaging conversations started",,0.2,,2026-03-15,Ongoing,,,22.22222222,0,,,,,,,,not_delivering,inactive,,,2026-03-01,2026-03-31
"FB - March 2026",6882906768197,"2026-03-01 - 2026-03-31","Ad set 1","Punjab region",not_delivering,adset,34437,42522,1.23477655,"7-day click or 1-day view","Messaging conversations started",,1567.24,,2026-03-15,Ongoing,218,7.18917431,36.8571563,0.65377922,,,,,,,,not_delivering,inactive,,,2026-03-01,2026-03-31
"FB Ads - 22/03/2026",6887028626197,"2026-03-01 - 2026-03-31","Ad set","Punjab region",not_delivering,adset,34019,48534,1.42667333,"7-day click or 1-day view","Messaging conversations started",,1887.17,,2026-03-22,Ongoing,193,9.7780829,38.88346314,0.51716323,,,,,,,,not_delivering,inactive,,,2026-03-01,2026-03-31
"Post: ""Want to Study Overseas?""",6881723895197,"2026-03-01 - 2026-03-31","Post: ""Want to Study Overseas?""","Punjab region",not_delivering,adset,3071,3510,1.14295018,"7-day click or 1-day view","Link clicks",37,139.91,3.78135135,2026-03-13,Ongoing,37,3.78135135,39.86039886,1.45299145,,,,,,,,not_delivering,inactive,1.05413105,,2026-03-01,2026-03-31
"Post: ""Want to Study Overseas?""",6881723895197,"2026-03-01 - 2026-03-31","Post: ""Want to Study Overseas?""",Haryana,not_delivering,adset,1537,1691,1.10019519,"7-day click or 1-day view","Link clicks",13,57.14,4.39538462,2026-03-13,Ongoing,13,4.39538462,33.79065642,1.30100532,,,,,,,,not_delivering,inactive,0.76877587,,2026-03-01,2026-03-31
"FB - March 2026 – Copy",6882908660797,"2026-03-01 - 2026-03-31","Ad set 1","Punjab region",not_delivering,adset,5276,7236,1.37149356,"7-day click or 1-day view","Messaging conversations started",,540.44,,2026-03-15,Ongoing,42,12.86761905,74.68767275,0.91210614,,,,,,,,not_delivering,inactive,,,2026-03-01,2026-03-31
"Feb Ads - 31st Jan",6861084796197,"2026-03-01 - 2026-03-31","ad set 1",Unknown,not_delivering,adset,0,0,0,"7-day click or 1-day view","Messaging conversations started",,0,,2026-01-31,Ongoing,,,,,,,,,,,,not_delivering,inactive,,,2026-03-01,2026-03-31
"Feb Ads - 31st Jan",6861084796197,"2026-03-01 - 2026-03-31","ad set 1",Haryana,not_delivering,adset,390,553,1.41794872,"7-day click or 1-day view","Messaging conversations started",,10.15015796,,2026-01-31,Ongoing,,,18.35471602,0,,,,,,,,not_delivering,inactive,,,2026-03-01,2026-03-31
"Feb Ads - 31st Jan",6861084796197,"2026-03-01 - 2026-03-31","ad set 1","Punjab region",not_delivering,adset,221145,468612,2.11902598,"7-day click or 1-day view","Messaging conversations started",,10271.23984204,,2026-01-31,Ongoing,1677,6.12477033,21.91843112,0.53263681,,,,,,,,not_delivering,inactive,,,2026-03-01,2026-03-31
"FB Ads - 23rd Jan",6857822968197,"2026-02-01 - 2026-02-28","ad set 1",Unknown,not_delivering,adset,0,0,0,"7-day click or 1-day view","Messaging conversations started",,0,,2026-01-23,Ongoing,,,,,,,,,,,,not_delivering,inactive,,,2026-02-01,2026-02-28
"Feb Ads - 31st Jan",6861084796197,"2026-02-01 - 2026-02-28","ad set 1","Punjab region",not_delivering,adset,273568,540411,1.97541745,"7-day click or 1-day view","Messaging conversations started",,22478.54,,2026-01-31,Ongoing,1955,11.49797442,41.59526731,0.48370592,,,,,,,,not_delivering,inactive,,,2026-02-01,2026-02-28
"Feb Ads - 31st Jan",6861084796197,"2026-02-01 - 2026-02-28","ad set 1",Unknown,not_delivering,adset,0,0,0,"7-day click or 1-day view","Messaging conversations started",,0,,2026-01-31,Ongoing,,,,,,,,,,,,not_delivering,inactive,,,2026-02-01,2026-02-28
"FB Ads - 23rd Jan",6857822968197,"2026-02-01 - 2026-02-28","ad set 1","Punjab region",not_delivering,adset,22210,43393,1.95375957,"7-day click or 1-day view","Messaging conversations started",,1841.37,,2026-01-23,Ongoing,156,11.80365385,42.43472449,0.58534787,1,,,,,,,not_delivering,inactive,,,2026-02-01,2026-02-28
"Feb Ads - 31st Jan",6861084796197,"2026-01-01 - 2026-01-31","ad set 1",Unknown,not_delivering,adset,0,0,0,"7-day click or 1-day view","Messaging conversations started",,0,,2026-01-31,Ongoing,,,,,,,,,,,,not_delivering,inactive,,,2026-01-01,2026-01-31
"FB Ads - 23rd Jan",6857822968197,"2026-01-01 - 2026-01-31","ad set 1",Unknown,not_delivering,adset,0,0,0,"7-day click or 1-day view","Messaging conversations started",,0,,2026-01-23,Ongoing,,,,,,,,,,,,not_delivering,inactive,,,2026-01-01,2026-01-31
"Feb Ads - 31st Jan",6861084796197,"2026-01-01 - 2026-01-31","ad set 1","Punjab region",not_delivering,adset,11332,53868,4.75361807,"7-day click or 1-day view","Messaging conversations started",,441.81,,2026-01-31,Ongoing,137,3.22489051,8.2017153,0.61632138,,,,,,,,not_delivering,inactive,,,2026-01-01,2026-01-31
"FB Ads - 23rd Jan",6857822968197,"2026-01-01 - 2026-01-31","ad set 1","Punjab region",not_delivering,adset,77414,167422,2.16268375,"7-day click or 1-day view","Messaging conversations started",,4899.34,,2026-01-23,Ongoing,638,7.6792163,29.26341819,0.5859445,2,,,,,,,not_delivering,inactive,,,2026-01-01,2026-01-31
"LPU - Sept",6804632076597,"2025-12-01 - 2025-12-31","New Engagement ad set","Punjab region",inactive,adset,21132,29509,1.39641302,"7-day click or 1-day view","Messaging conversations started",,1437.89,,2025-09-07,Ongoing,71,20.25197183,48.72716798,0.35582365,,,,,,,,inactive,inactive,,,2025-12-01,2025-12-31
Skies,6832539425197,"2025-11-01 - 2025-11-30","New Engagement ad set - 1","Punjab region",not_delivering,adset,7180,13451,1.87339833,"7-day click or 1-day view","Messaging conversations started",,2938.82,,2025-11-21,Ongoing,94,31.26404255,218.48338414,0.9590365,,,,,,,,not_delivering,inactive,,,2025-11-01,2025-11-30
"MBA - Degreecraft",6830713058997,"2025-11-01 - 2025-11-30","New Engagement ad set - City","Punjab region",not_delivering,adset,20625,30713,1.48911515,"7-day click or 1-day view","Messaging conversations started",,1778.9913338,,2025-11-18,Ongoing,103,17.27176052,57.92307276,0.45908899,,,,,,,,not_delivering,inactive,,,2025-11-01,2025-11-30
"MBA - Degreecraft",6830713058997,"2025-11-01 - 2025-11-30","New Engagement ad set - City",Chandigarh,not_delivering,adset,4826,6573,1.36199751,"7-day click or 1-day view","Messaging conversations started",,449.10548369,,2025-11-18,Ongoing,19,23.63713072,68.32580004,0.57812262,,,,,,,,not_delivering,inactive,,,2025-11-01,2025-11-30
"LPU - Sept",6804632076597,"2025-11-01 - 2025-11-30","New Engagement ad set","Punjab region",inactive,adset,53887,80578,1.49531427,"7-day click or 1-day view","Messaging conversations started",,4040.33,,2025-09-07,Ongoing,201,20.10114428,50.14185013,0.37727419,,,,,,,,inactive,inactive,,,2025-11-01,2025-11-30
"MBA - Degreecraft",6830713058997,"2025-11-01 - 2025-11-30","New Engagement ad set - City","Jammu and Kashmir",not_delivering,adset,12433,18538,1.49103193,"7-day click or 1-day view","Messaging conversations started",,694.52394491,,2025-11-18,Ongoing,70,9.92177064,37.46487997,0.52324954,,,,,,,,not_delivering,inactive,,,2025-11-01,2025-11-30
"New Session Ads - Nov 2025",6826134714197,"2025-11-01 - 2025-11-30",AMITY,"Punjab region",not_delivering,adset,7,8,1.14285714,"7-day click or 1-day view","Messaging conversations started",,0.14,,2025-11-07,Ongoing,,,17.5,0,,,,,,,,not_delivering,inactive,,,2025-11-01,2025-11-30
"MBA - Degreecraft",6830713058997,"2025-11-01 - 2025-11-30","New Engagement ad set - City","Himachal Pradesh",not_delivering,adset,9685,14423,1.48921012,"7-day click or 1-day view","Messaging conversations started",,629.82171419,,2025-11-18,Ongoing,62,10.15841475,43.66787175,0.60320322,,,,,,,,not_delivering,inactive,,,2025-11-01,2025-11-30
"MBA - Degreecraft",6830713058997,"2025-11-01 - 2025-11-30","New Engagement ad set - City",Haryana,not_delivering,adset,7698,10669,1.3859444,"7-day click or 1-day view","Messaging conversations started",,508.2675234,,2025-11-18,Ongoing,36,14.11854232,47.63965914,0.49676633,,,,,,,,not_delivering,inactive,,,2025-11-01,2025-11-30
"Nov 2025 All Ads",6826267671197,"2025-11-01 - 2025-11-30",LPU,"Punjab region",not_delivering,adset,2892,3472,1.20055325,"7-day click or 1-day view","Messaging conversations started",,234.11,,2025-11-08,Ongoing,5,46.822,67.42799539,0.34562212,,,,,,,,not_delivering,inactive,,,2025-11-01,2025-11-30
"New Session Ads - Nov 2025",6826134714197,"2025-11-01 - 2025-11-30",LPU,"Punjab region",not_delivering,adset,59,63,1.06779661,"7-day click or 1-day view","Messaging conversations started",,2.3,,2025-11-07,Ongoing,,,36.50793651,0,,,,,,,,not_delivering,inactive,,,2025-11-01,2025-11-30
"LPU - Sept",6804632076597,"2025-10-01 - 2025-10-31","New Engagement ad set","Punjab region",inactive,adset,84530,126870,1.50088726,"7-day click or 1-day view","Messaging conversations started",,4697.68003192,,2025-09-07,Ongoing,237,19.82143473,37.02750872,0.29478994,,,,,,,,inactive,inactive,,,2025-10-01,2025-10-31
"LPU - Sept",6804632076597,"2025-10-01 - 2025-10-31","New Engagement ad set",Unknown,inactive,adset,0,2,0,"7-day click or 1-day view","Messaging conversations started",,0.19996808,,2025-09-07,Ongoing,,,99.9840379,0,,,,,,,,inactive,inactive,,,2025-10-01,2025-10-31
"LPU Punjab - 13/05",6715753772997,"2025-10-01 - 2025-10-31",SET1,"Punjab region",not_delivering,adset,51316,63491,1.23725544,"7-day click or 1-day view","Messaging conversations started",,1468.51410832,,2025-05-13,Ongoing,110,13.35012826,23.12948462,0.28822983,,,,,,,,not_delivering,inactive,,,2025-10-01,2025-10-31
"LPU Punjab - 13/05",6715753772997,"2025-10-01 - 2025-10-31",SET1,Chandigarh,not_delivering,adset,4197,5233,1.24684298,"7-day click or 1-day view","Messaging conversations started",,137.87132456,,2025-05-13,Ongoing,8,17.23391557,26.34651721,0.21020447,,,,,,,,not_delivering,inactive,,,2025-10-01,2025-10-31
"LPU Punjab - 13/05",6715753772997,"2025-10-01 - 2025-10-31",SET1,"Himachal Pradesh",not_delivering,adset,17720,22482,1.26873589,"7-day click or 1-day view","Messaging conversations started",,475.38456712,,2025-05-13,Ongoing,51,9.32126602,21.14511908,0.38697625,,,,,,,,not_delivering,inactive,,,2025-10-01,2025-10-31
"LPU Punjab - 13/05",6715753772997,"2025-09-01 - 2025-09-30","SET2 - MBA",Unknown,inactive,adset,1,1,1,"7-day click or 1-day view","Messaging conversations started",,0.00999502,,2025-05-25,Ongoing,,,9.99501972,0,,,,,,,,inactive,inactive,,,2025-09-01,2025-09-30
"AMITY Ads",6768967611397,"2025-09-01 - 2025-09-30","New Engagement ad set",Chandigarh,not_delivering,adset,879,1278,1.45392491,"7-day click or 1-day view","Messaging conversations started",,175.82,,2025-07-15,Ongoing,2,87.91,137.5743349,0.39123631,,,,,,,,not_delivering,inactive,,,2025-09-01,2025-09-30
"AMITY Ads",6768967611397,"2025-09-01 - 2025-09-30","New Engagement ad set","Punjab region",not_delivering,adset,9988,14176,1.41930316,"7-day click or 1-day view","Messaging conversations started",,1511.24,,2025-07-15,Ongoing,44,34.34636364,106.60553047,0.47968397,,,,,,,,not_delivering,inactive,,,2025-09-01,2025-09-30
"LPU Punjab - 13/05",6715753772997,"2025-09-01 - 2025-09-30","SET2 - MBA",Chandigarh,inactive,adset,6174,9504,1.5393586,"7-day click or 1-day view","Messaging conversations started",,916.10352714,,2025-05-25,Ongoing,28,32.71798311,96.39136439,0.53661616,,,,,,,,inactive,inactive,,,2025-09-01,2025-09-30
"LPU Punjab - 13/05",6715753772997,"2025-09-01 - 2025-09-30","SET2 - MBA","Himachal Pradesh",inactive,adset,24493,36587,1.49377373,"7-day click or 1-day view","Messaging conversations started",,2374.34691873,,2025-05-25,Ongoing,95,24.99312546,64.89591709,0.48924481,,,,,,,,inactive,inactive,,,2025-09-01,2025-09-30
"AMITY Ads",6768967611397,"2025-09-01 - 2025-09-30","New Engagement ad set","Himachal Pradesh",not_delivering,adset,3415,5509,1.61317716,"7-day click or 1-day view","Messaging conversations started",,497.22,,2025-07-15,Ongoing,20,24.861,90.25594482,0.70793247,,,,,,,,not_delivering,inactive,,,2025-09-01,2025-09-30
"LPU Punjab - 13/05",6715753772997,"2025-09-01 - 2025-09-30","SET2 - MBA","Punjab region",inactive,adset,60416,98803,1.63537805,"7-day click or 1-day view","Messaging conversations started",,7948.2795591,,2025-05-25,Ongoing,251,31.66645243,80.44573099,0.43419734,,,,,,,,inactive,inactive,,,2025-09-01,2025-09-30
"LPU Punjab - 13/05",6715753772997,"2025-09-01 - 2025-09-30",SET1,Unknown,not_delivering,adset,0,2,0,"7-day click or 1-day view","Messaging conversations started",,0.06995673,,2025-05-13,Ongoing,,,34.97836498,0,,,,,,,,not_delivering,inactive,,,2025-09-01,2025-09-30
"LPU Punjab - 13/05",6715753772997,"2025-09-01 - 2025-09-30",SET1,Chandigarh,not_delivering,adset,9494,16684,1.75732041,"7-day click or 1-day view","Messaging conversations started",,894.42677405,,2025-05-13,Ongoing,35,25.55505069,53.6098522,0.40158235,,,,,,,,not_delivering,inactive,,,2025-09-01,2025-09-30
"LPU Punjab - 13/05",6715753772997,"2025-09-01 - 2025-09-30",SET1,"Himachal Pradesh",not_delivering,adset,34483,66409,1.92584752,"7-day click or 1-day view","Messaging conversations started",,2648.29196334,,2025-05-13,Ongoing,140,18.91637117,39.87850989,0.36290262,,,,,,,,not_delivering,inactive,,,2025-09-01,2025-09-30
"LPU Punjab - 13/05",6715753772997,"2025-09-01 - 2025-09-30",SET1,"Punjab region",not_delivering,adset,100334,208432,2.07738155,"7-day click or 1-day view","Messaging conversations started",,8631.32130588,,2025-05-13,Ongoing,430,20.07284025,41.41073015,0.36462731,,,,,,,,not_delivering,inactive,,,2025-09-01,2025-09-30
"LPU - Sept",6804632076597,"2025-09-01 - 2025-09-30","New Engagement ad set","Punjab region",inactive,adset,138470,229290,1.65588214,"7-day click or 1-day view","Messaging conversations started",,8301.15,,2025-09-07,Ongoing,476,17.43939076,36.20371582,0.31095992,,,,,,,,inactive,inactive,,,2025-09-01,2025-09-30
"LPU Punjab - 13/05",6715753772997,"2025-08-01 - 2025-08-31","SET2 - MBA",Chandigarh,inactive,adset,2749,3827,1.3921426,"7-day click or 1-day view","Messaging conversations started",,328.22,,2025-05-25,Ongoing,7,46.88857143,85.76430625,0.4703423,,,,,,,,inactive,inactive,,,2025-08-01,2025-08-31
"LPU Punjab - 13/05",6715753772997,"2025-08-01 - 2025-08-31","SET2 - MBA","Himachal Pradesh",inactive,adset,9721,14187,1.45941776,"7-day click or 1-day view","Messaging conversations started",,806.55,,2025-05-25,Ongoing,28,28.80535714,56.85134278,0.41587369,,,,,,,,inactive,inactive,,,2025-08-01,2025-08-31
"LPU Punjab - 13/05",6715753772997,"2025-08-01 - 2025-08-31","SET2 - MBA","Punjab region",inactive,adset,27852,42463,1.52459428,"7-day click or 1-day view","Messaging conversations started",,3153.31,,2025-05-25,Ongoing,87,36.24494253,74.26017945,0.38150861,,,,,,,,inactive,inactive,,,2025-08-01,2025-08-31
"LPU Punjab - 13/05",6715753772997,"2025-08-01 - 2025-08-31",SET1,Chandigarh,not_delivering,adset,2257,3860,1.71023482,"7-day click or 1-day view","Messaging conversations started",,304.06,,2025-05-13,Ongoing,16,19.00375,78.77202073,0.67357513,,,,,,,,not_delivering,inactive,,,2025-08-01,2025-08-31
"LPU Punjab - 13/05",6715753772997,"2025-08-01 - 2025-08-31",SET1,"Himachal Pradesh",not_delivering,adset,7890,13900,1.7617237,"7-day click or 1-day view","Messaging conversations started",,733.16,,2025-05-13,Ongoing,42,17.45619048,52.74532374,0.50359712,,,,,,,,not_delivering,inactive,,,2025-08-01,2025-08-31
"LPU Punjab - 13/05",6715753772997,"2025-08-01 - 2025-08-31",SET1,"Punjab region",not_delivering,adset,28176,52880,1.87677456,"7-day click or 1-day view","Messaging conversations started",,3149.33,,2025-05-13,Ongoing,143,22.02328671,59.5561649,0.44062027,,,,,,,,not_delivering,inactive,,,2025-08-01,2025-08-31
"LPU Punjab - 13/05",6715753772997,"2025-08-01 - 2025-08-31",SET1,Unknown,not_delivering,adset,1,1,1,"7-day click or 1-day view","Messaging conversations started",,0,,2025-05-13,Ongoing,,,0,0,,,,,,,,not_delivering,inactive,,,2025-08-01,2025-08-31
DegreeCraft,6769014077597,"2025-07-01 - 2025-07-31","New Engagement ad set",Chandigarh,not_delivering,adset,1184,1797,1.51773649,"7-day click or 1-day view","Messaging conversations started",,191.1,,2025-07-15,Ongoing,11,17.37272727,106.34390651,0.72342794,,,,,,,,not_delivering,inactive,,,2025-07-01,2025-07-31
DegreeCraft,6769014077597,"2025-07-01 - 2025-07-31","New Engagement ad set",Haryana,not_delivering,adset,11336,16113,1.42140085,"7-day click or 1-day view","Messaging conversations started",,1689.15,,2025-07-15,Ongoing,62,27.24435484,104.83150251,0.66406008,,,,,,,,not_delivering,inactive,,,2025-07-01,2025-07-31
"AMITY Ads",6768967611397,"2025-07-01 - 2025-07-31","New Engagement ad set",Chandigarh,not_delivering,adset,2448,3417,1.39583333,"7-day click or 1-day view","Messaging conversations started",,239.96,,2025-07-15,Ongoing,11,21.81454545,70.22534387,0.43898156,,,,,,,,not_delivering,inactive,,,2025-07-01,2025-07-31
"AMITY Ads",6768967611397,"2025-07-01 - 2025-07-31","New Engagement ad set","Punjab region",not_delivering,adset,28880,40816,1.4132964,"7-day click or 1-day view","Messaging conversations started",,3048.08,,2025-07-15,Ongoing,101,30.1790099,74.67855743,0.42630341,,,,,,,,not_delivering,inactive,,,2025-07-01,2025-07-31
"AMITY Ads",6768967611397,"2025-07-01 - 2025-07-31","New Engagement ad set","Himachal Pradesh",not_delivering,adset,10336,14504,1.40325077,"7-day click or 1-day view","Messaging conversations started",,979.98,,2025-07-15,Ongoing,48,20.41625,67.56618864,0.55157198,,,,,,,,not_delivering,inactive,,,2025-07-01,2025-07-31
DegreeCraft,6769014077597,"2025-07-01 - 2025-07-31","New Engagement ad set","Punjab region",not_delivering,adset,9424,14838,1.57449066,"7-day click or 1-day view","Messaging conversations started",,1639.46,,2025-07-15,Ongoing,54,30.36037037,110.49063216,0.62676911,,,,,,,,not_delivering,inactive,,,2025-07-01,2025-07-31
DegreeCraft,6769014077597,"2025-07-01 - 2025-07-31","New Engagement ad set","Himachal Pradesh",not_delivering,adset,4424,6617,1.49570524,"7-day click or 1-day view","Messaging conversations started",,656.7,,2025-07-15,Ongoing,24,27.3625,99.24437056,0.63472873,,,,,,,,not_delivering,inactive,,,2025-07-01,2025-07-31
"LPU Punjab - 13/05",6715753772997,"2025-07-01 - 2025-07-31",SET1,"Himachal Pradesh",not_delivering,adset,35873,48449,1.35057007,"7-day click or 1-day view","Messaging conversations started",,990.09013199,,2025-05-13,Ongoing,128,7.73507916,20.43571863,0.45821379,,,,,,,,not_delivering,inactive,,,2025-07-01,2025-07-31
"LPU Punjab - 13/05",6715753772997,"2025-07-01 - 2025-07-31",SET1,Chandigarh,not_delivering,adset,8480,12685,1.49587264,"7-day click or 1-day view","Messaging conversations started",,349.69357856,,2025-05-13,Ongoing,31,11.28043802,27.56748747,0.34686638,,,,,,,,not_delivering,inactive,,,2025-07-01,2025-07-31
"LPU Punjab - 13/05",6715753772997,"2025-07-01 - 2025-07-31",SET1,"Punjab region",not_delivering,adset,95714,130441,1.36282049,"7-day click or 1-day view","Messaging conversations started",,3546.17628945,,2025-05-13,Ongoing,253,14.01650707,27.18605568,0.36874909,,,,,,,,not_delivering,inactive,,,2025-07-01,2025-07-31
"LPU Online – 20/25",6723531168997,"2025-06-01 - 2025-06-30",SET1,"Jammu and Kashmir",not_delivering,adset,23746,42775,1.80135602,"7-day click or 1-day view","Messaging conversations started",,1810.78890539,,2025-05-19,Ongoing,112,16.16775808,42.33287914,0.45587376,,,,,,,,not_delivering,inactive,,,2025-06-01,2025-06-30
"SK-LPU-MAY 2025 – 1",6724323110197,"2025-06-01 - 2025-06-30",SET1,"Punjab region",not_delivering,adset,121037,188729,1.559267,"7-day click or 1-day view","Messaging conversations started",,5881.03,,2025-05-20,Ongoing,370,15.89467568,31.16124178,0.30731896,,,,,,,,not_delivering,inactive,,,2025-06-01,2025-06-30
"LPU Online – 20/25",6723531168997,"2025-06-01 - 2025-06-30",SET1,"Punjab region",not_delivering,adset,51363,92818,1.8070985,"7-day click or 1-day view","Messaging conversations started",,4096.10110873,,2025-05-19,Ongoing,223,18.36816641,44.13046078,0.40617122,,,,,,,,not_delivering,inactive,,,2025-06-01,2025-06-30
"LPU Online – 20/25",6723531168997,"2025-06-01 - 2025-06-30",SET1,"Himachal Pradesh",not_delivering,adset,15953,28637,1.79508556,"7-day click or 1-day view","Messaging conversations started",,1193.50859841,,2025-05-19,Ongoing,74,16.12849457,41.67715188,0.40157838,,,,,,,,not_delivering,inactive,,,2025-06-01,2025-06-30
"LPU Online – 20/25",6723531168997,"2025-06-01 - 2025-06-30",SET1,Chandigarh,not_delivering,adset,4736,9087,1.91870777,"7-day click or 1-day view","Messaging conversations started",,435.61138747,,2025-05-19,Ongoing,33,13.20034507,47.9378659,0.52822714,,,,,,,,not_delivering,inactive,,,2025-06-01,2025-06-30
"LPU Punjab - 13/05",6715753772997,"2025-06-01 - 2025-06-30",SET1,"Punjab region",not_delivering,adset,261013,457522,1.75287055,"7-day click or 1-day view","Messaging conversations started",,7964.19274072,,2025-05-13,Ongoing,697,11.42638844,17.4072345,0.25681825,,,,,,,,not_delivering,inactive,,,2025-06-01,2025-06-30
"LPU Punjab - 13/05",6715753772997,"2025-06-01 - 2025-06-30","SET2 - MBA","Himachal Pradesh",inactive,adset,20194,30427,1.50673467,"7-day click or 1-day view","Messaging conversations started",,1208.2150014,,2025-05-25,Ongoing,98,12.3287245,39.70864697,0.54228153,,,,,,,,inactive,inactive,,,2025-06-01,2025-06-30
"LPU Punjab - 13/05",6715753772997,"2025-06-01 - 2025-06-30",SET1,Chandigarh,not_delivering,adset,19202,36142,1.88219977,"7-day click or 1-day view","Messaging conversations started",,681.82875994,,2025-05-13,Ongoing,65,10.48967323,18.86527475,0.27115268,,,,,,,,not_delivering,inactive,,,2025-06-01,2025-06-30
"LPU Punjab - 13/05",6715753772997,"2025-06-01 - 2025-06-30",SET1,"Himachal Pradesh",not_delivering,adset,65733,109578,1.66701657,"7-day click or 1-day view","Messaging conversations started",,1732.70849934,,2025-05-13,Ongoing,196,8.84034949,15.81255817,0.29111683,,,,,,,,not_delivering,inactive,,,2025-06-01,2025-06-30
"LPU Punjab - 13/05",6715753772997,"2025-06-01 - 2025-06-30","SET2 - MBA",Chandigarh,inactive,adset,7041,10253,1.4561852,"7-day click or 1-day view","Messaging conversations started",,519.56556115,,2025-05-25,Ongoing,28,18.5559129,50.67449148,0.48766215,,,,,,,,inactive,inactive,,,2025-06-01,2025-06-30
"LPU Punjab - 13/05",6715753772997,"2025-06-01 - 2025-06-30","SET2 - MBA","Punjab region",inactive,adset,77287,114235,1.47806229,"7-day click or 1-day view","Messaging conversations started",,5615.62943745,,2025-05-25,Ongoing,266,21.11138886,49.15857169,0.41756029,,,,,,,,inactive,inactive,,,2025-06-01,2025-06-30
"CU Oonline - MAY 2025",6699345212397,"2025-05-01 - 2025-05-31",SET1,"Andaman and Nicobar Islands",not_delivering,adset,78,78,1,"7-day click or 1-day view","Messaging conversations started",,6.25435621,,2025-05-01,Ongoing,1,6.25435621,80.18405392,1.28205128,,,,,,,,not_delivering,inactive,,,2025-05-01,2025-05-31
"LPU Patiala 19/04/2025",6675807605797,"2025-05-01 - 2025-05-31","New Set","Andaman and Nicobar Islands",inactive,adset,28,32,1.14285714,"7-day click or 1-day view","Messaging conversations started",,1.09,,2025-05-03,Ongoing,,,34.0625,0,,,,,,,,inactive,inactive,,,2025-05-01,2025-05-31
"LPU Patiala 19/04/2025",6675807605797,"2025-05-01 - 2025-05-31","New Engagement ad set","Punjab region",not_delivering,adset,86860,137683,1.58511398,"7-day click or 1-day view","Messaging conversations started",,3848.83146274,,2025-04-18,Ongoing,282,13.64833852,27.95429692,0.346448,,,,,,,,not_delivering,inactive,,,2025-05-01,2025-05-31
"LPU Patiala 19/04/2025",6675807605797,"2025-05-01 - 2025-05-31","New Engagement ad set","Himachal Pradesh",not_delivering,adset,15437,22043,1.42793289,"7-day click or 1-day view","Messaging conversations started",,480.63853726,,2025-04-18,Ongoing,55,8.7388825,21.80458818,0.40829288,,,,,,,,not_delivering,inactive,,,2025-05-01,2025-05-31
"LPU Page Ads - May 2025",6699045369797,"2025-05-01 - 2025-05-31",SET1,"Punjab region",not_delivering,adset,12024,14612,1.21523619,"7-day click or 1-day view","Messaging conversations started",,464.09,,2025-05-01,Ongoing,32,14.5028125,31.76088147,0.36271558,,,,,,,,not_delivering,inactive,,,2025-05-01,2025-05-31
"LPU Page Ads - May 2025",6699045369797,"2025-05-01 - 2025-05-31",SET1,"Himachal Pradesh",not_delivering,adset,2584,3066,1.18653251,"7-day click or 1-day view","Messaging conversations started",,87.92,,2025-05-01,Ongoing,3,29.30666667,28.67579909,0.26092629,,,,,,,,not_delivering,inactive,,,2025-05-01,2025-05-31
"LPU Page Ads - May 2025",6699045369797,"2025-05-01 - 2025-05-31",SET1,"Jammu and Kashmir",not_delivering,adset,12448,14950,1.20099614,"7-day click or 1-day view","Messaging conversations started",,342.51,,2025-05-01,Ongoing,26,13.17346154,22.91036789,0.28762542,,,,,,,,not_delivering,inactive,,,2025-05-01,2025-05-31
"SK-LPU-MAY 2025",6699121217397,"2025-05-01 - 2025-05-31",SET1,"Punjab region",not_delivering,adset,120288,219006,1.82068037,"7-day click or 1-day view","Messaging conversations started",,5402.29,,2025-05-01,Ongoing,488,11.07026639,24.66731505,0.31140699,,,,,,,,not_delivering,inactive,,,2025-05-01,2025-05-31
"JGND - Punjab - MAY 2025",6699157867197,"2025-05-01 - 2025-05-31","New Engagement ad set","Punjab region",not_delivering,adset,63169,94030,1.4885466,"7-day click or 1-day view","Messaging conversations started",,3875.86,,2025-05-01,Ongoing,338,11.46704142,41.21939806,0.65298309,,,,,,,,not_delivering,inactive,,,2025-05-01,2025-05-31
"CU Oonline - MAY 2025",6699345212397,"2025-05-01 - 2025-05-31",SET1,Nagaland,not_delivering,adset,48,155,3.22916667,"7-day click or 1-day view","Messaging conversations started",,8.87618233,,2025-05-01,Ongoing,,,57.26569243,0.64516129,,,,,,,,not_delivering,inactive,,,2025-05-01,2025-05-31
"CU Oonline - MAY 2025",6699345212397,"2025-05-01 - 2025-05-31",SET1,Haryana,not_delivering,adset,13070,20195,1.54514155,"7-day click or 1-day view","Messaging conversations started",,1027.31553292,,2025-05-01,Ongoing,42,24.45989364,50.86979613,0.39613766,,,,,,,,not_delivering,inactive,,,2025-05-01,2025-05-31
"SK-LPU-MAY 2025",6699121217397,"2025-05-01 - 2025-05-31",SET1,Haryana,not_delivering,adset,0,14,0,"7-day click or 1-day view","Messaging conversations started",,0.25,,2025-05-01,Ongoing,,,17.85714286,0,,,,,,,,not_delivering,inactive,,,2025-05-01,2025-05-31
"CU Oonline - MAY 2025",6699345212397,"2025-05-01 - 2025-05-31",SET1,Puducherry,not_delivering,adset,23,23,1,"7-day click or 1-day view","Messaging conversations started",,4.2929901,,2025-05-01,Ongoing,,,186.65174346,0,,,,,,,,not_delivering,inactive,,,2025-05-01,2025-05-31
"CU Oonline - MAY 2025",6699345212397,"2025-05-01 - 2025-05-31",SET1,Chandigarh,not_delivering,adset,11789,19207,1.62923064,"7-day click or 1-day view","Messaging conversations started",,778.83246261,,2025-05-01,Ongoing,54,14.42282338,40.54940712,0.43213412,,,,,,,,not_delivering,inactive,,,2025-05-01,2025-05-31
"CU Oonline - MAY 2025",6699345212397,"2025-05-01 - 2025-05-31",SET1,"Dadra and Nagar Haveli",not_delivering,adset,20,20,1,"7-day click or 1-day view","Messaging conversations started",,0.77053668,,2025-05-01,Ongoing,,,38.52683423,0,,,,,,,,not_delivering,inactive,,,2025-05-01,2025-05-31
"CU Oonline - MAY 2025",6699345212397,"2025-05-01 - 2025-05-31",SET1,"Punjab region",not_delivering,adset,20870,33783,1.61873503,"7-day click or 1-day view","Messaging conversations started",,1797.53199442,,2025-05-01,Ongoing,71,25.31735203,53.20818146,0.41736968,,,,,,,,not_delivering,inactive,,,2025-05-01,2025-05-31
"CU Oonline - MAY 2025",6699345212397,"2025-05-01 - 2025-05-31",SET1,Unknown,not_delivering,adset,0,11,0,"7-day click or 1-day view","Messaging conversations started",,0.17011849,,2025-05-01,Ongoing,,,15.46531716,0,,,,,,,,not_delivering,inactive,,,2025-05-01,2025-05-31
"CU Oonline - MAY 2025",6699345212397,"2025-05-01 - 2025-05-31",SET1,Lakshadweep,not_delivering,adset,0,4,0,"7-day click or 1-day view","Messaging conversations started",,0.24016728,,2025-05-01,Ongoing,,,60.04181957,0,,,,,,,,not_delivering,inactive,,,2025-05-01,2025-05-31
"Messages Ad: 🎓Admission Open for - Distance & Online Learning...",6703091270997,"2025-05-01 - 2025-05-31","Messages Ad: 🎓Admission Open for - Distance & Online Learning...","Punjab region",not_delivering,adset,5630,6352,1.12824156,"7-day click or 1-day view","Messaging conversations started",,126.89,,2025-05-03,2025-05-07,8,15.86125,19.97638539,0.2361461,,,,,,,,not_delivering,inactive,,,2025-05-01,2025-05-31
"Messages Ad: 🎓Admission Open for - Distance & Online Learning...",6703091270997,"2025-05-01 - 2025-05-31","Messages Ad: 🎓Admission Open for - Distance & Online Learning...",Haryana,not_delivering,adset,1306,1447,1.10796325,"7-day click or 1-day view","Messaging conversations started",,32.26,,2025-05-03,2025-05-07,,,22.29440221,0.138217,,,,,,,,not_delivering,inactive,,,2025-05-01,2025-05-31
"CU Oonline - MAY 2025",6699345212397,"2025-05-01 - 2025-05-31",SET1,"Himachal Pradesh",not_delivering,adset,8121,12962,1.59610885,"7-day click or 1-day view","Messaging conversations started",,502.07970225,,2025-05-01,Ongoing,28,17.93141794,38.73474018,0.31630921,,,,,,,,not_delivering,inactive,,,2025-05-01,2025-05-31
"LPU Patiala 19/04/2025",6675807605797,"2025-05-01 - 2025-05-31","New Set","Jammu and Kashmir",inactive,adset,1354,1711,1.26366322,"7-day click or 1-day view","Messaging conversations started",,52.8,,2025-05-03,Ongoing,7,7.54285714,30.8591467,0.70134424,,,,,,,,inactive,inactive,,,2025-05-01,2025-05-31
"LPU Patiala 19/04/2025",6675807605797,"2025-05-01 - 2025-05-31","New Set",Chandigarh,inactive,adset,190,227,1.19473684,"7-day click or 1-day view","Messaging conversations started",,11.17,,2025-05-03,Ongoing,1,11.17,49.20704846,0.44052863,,,,,,,,inactive,inactive,,,2025-05-01,2025-05-31
"CU Oonline - MAY 2025",6699345212397,"2025-05-01 - 2025-05-31",SET1,"Jammu and Kashmir",not_delivering,adset,4373,6527,1.49256803,"7-day click or 1-day view","Messaging conversations started",,367.48595671,,2025-05-01,Ongoing,28,13.12449845,56.3024294,0.597518,,,,,,,,not_delivering,inactive,,,2025-05-01,2025-05-31
"LPU Punjab - 13/05",6715753772997,"2025-05-01 - 2025-05-31","SET2 - MBA",Chandigarh,inactive,adset,578,640,1.10726644,"7-day click or 1-day view","Messaging conversations started",,30.76,,2025-05-25,Ongoing,1,30.76,48.0625,0.46875,,,,,,,,inactive,inactive,,,2025-05-01,2025-05-31
"LPU Patiala 19/04/2025",6675807605797,"2025-05-01 - 2025-05-31","New Set",Lakshadweep,inactive,adset,6,17,2.83333333,"7-day click or 1-day view","Messaging conversations started",,0.12,,2025-05-03,Ongoing,,,7.05882353,0,,,,,,,,inactive,inactive,,,2025-05-01,2025-05-31
"LPU Punjab - 13/05",6715753772997,"2025-05-01 - 2025-05-31",SET1,"Himachal Pradesh",not_delivering,adset,48065,94319,1.96232186,"7-day click or 1-day view","Messaging conversations started",,1555.01328988,,2025-05-13,Ongoing,169,9.20126207,16.48674488,0.28732281,,,,,,,,not_delivering,inactive,,,2025-05-01,2025-05-31
"LPU Patiala 19/04/2025",6675807605797,"2025-05-01 - 2025-05-31","New Set",Delhi,inactive,adset,878,1113,1.26765376,"7-day click or 1-day view","Messaging conversations started",,77.87,,2025-05-03,Ongoing,1,77.87,69.9640611,0.08984726,,,,,,,,inactive,inactive,,,2025-05-01,2025-05-31
"LPU Online",6723178659597,"2025-05-01 - 2025-05-31",SET1,Chandigarh,not_delivering,adset,69,74,1.07246377,"7-day click or 1-day view","Messaging conversations started",,4.15,,2025-05-19,Ongoing,,,56.08108108,0,,,,,,,,not_delivering,inactive,,,2025-05-01,2025-05-31
"LPU Patiala 19/04/2025",6675807605797,"2025-05-01 - 2025-05-31","New Set",Puducherry,inactive,adset,26,30,1.15384615,"7-day click or 1-day view","Messaging conversations started",,1.2,,2025-05-03,Ongoing,,,40,0,,,,,,,,inactive,inactive,,,2025-05-01,2025-05-31
"LPU Patiala 19/04/2025",6675807605797,"2025-05-01 - 2025-05-31","New Set",Goa,inactive,adset,72,94,1.30555556,"7-day click or 1-day view","Messaging conversations started",,3.62,,2025-05-03,Ongoing,,,38.5106383,0,,,,,,,,inactive,inactive,,,2025-05-01,2025-05-31
"LPU Patiala 19/04/2025",6675807605797,"2025-05-01 - 2025-05-31","New Set","Punjab region",inactive,adset,3156,4162,1.31875792,"7-day click or 1-day view","Messaging conversations started",,190.06,,2025-05-03,Ongoing,7,27.15142857,45.66554541,0.40845747,,,,,,,,inactive,inactive,,,2025-05-01,2025-05-31
"LPU Patiala 19/04/2025",6675807605797,"2025-05-01 - 2025-05-31","New Set","Dadra and Nagar Haveli",inactive,adset,3,3,1,"7-day click or 1-day view","Messaging conversations started",,0.09,,2025-05-03,Ongoing,,,30,0,,,,,,,,inactive,inactive,,,2025-05-01,2025-05-31
"Tailored messages campaign 06/05/2025 Campaign",6710313106597,"2025-05-01 - 2025-05-31","Tailored messages campaign 06/05/2025 Ad set","Himachal Pradesh",not_delivering,adset,784,992,1.26530612,"7-day click or 1-day view","Messaging conversations started",,43.78301204,,2025-05-06,Ongoing,6,7.29716867,44.13610085,0.40322581,,,,,,,,not_delivering,inactive,,,2025-05-01,2025-05-31
"Tailored messages campaign 06/05/2025 Campaign",6710313106597,"2025-05-01 - 2025-05-31","Tailored messages campaign 06/05/2025 Ad set","Punjab region",not_delivering,adset,7445,8787,1.1802552,"7-day click or 1-day view","Messaging conversations started",,229.23698796,,2025-05-06,Ongoing,18,12.73538822,26.0881971,0.43245704,,,,,,,,not_delivering,inactive,,,2025-05-01,2025-05-31
"LPU Online",6723178659597,"2025-05-01 - 2025-05-31",SET1,"Himachal Pradesh",not_delivering,adset,134,148,1.10447761,"7-day click or 1-day view","Messaging conversations started",,5.77,,2025-05-19,Ongoing,,,38.98648649,0,,,,,,,,not_delivering,inactive,,,2025-05-01,2025-05-31
"LPU Online",6723178659597,"2025-05-01 - 2025-05-31",SET1,"Jammu and Kashmir",not_delivering,adset,170,191,1.12352941,"7-day click or 1-day view","Messaging conversations started",,11.31,,2025-05-19,Ongoing,,,59.21465969,0,,,,,,,,not_delivering,inactive,,,2025-05-01,2025-05-31
"LPU Patiala 19/04/2025",6675807605797,"2025-05-01 - 2025-05-31","New Set",Unknown,inactive,adset,0,1,0,"7-day click or 1-day view","Messaging conversations started",,0.03,,2025-05-03,Ongoing,,,30,0,,,,,,,,inactive,inactive,,,2025-05-01,2025-05-31
"LPU Online",6723178659597,"2025-05-01 - 2025-05-31",SET1,"Punjab region",not_delivering,adset,576,633,1.09895833,"7-day click or 1-day view","Messaging conversations started",,38.91,,2025-05-19,Ongoing,1,38.91,61.46919431,0.47393365,,,,,,,,not_delivering,inactive,,,2025-05-01,2025-05-31
"LPU Online – 20/25",6723531168997,"2025-05-01 - 2025-05-31",SET1,Chandigarh,not_delivering,adset,1808,3348,1.85176991,"7-day click or 1-day view","Messaging conversations started",,283.54,,2025-05-19,Ongoing,8,35.4425,84.68936679,0.47789725,,,,,,,,not_delivering,inactive,,,2025-05-01,2025-05-31
"LPU Online – 20/25",6723531168997,"2025-05-01 - 2025-05-31",SET1,"Punjab region",not_delivering,adset,20161,40499,2.00877933,"7-day click or 1-day view","Messaging conversations started",,3063.46,,2025-05-19,Ongoing,104,29.45634615,75.64285538,0.40494827,,,,,,,,not_delivering,inactive,,,2025-05-01,2025-05-31
"LPU Online – 20/25",6723531168997,"2025-05-01 - 2025-05-31",SET1,"Jammu and Kashmir",not_delivering,adset,5808,10833,1.86518595,"7-day click or 1-day view","Messaging conversations started",,833.94,,2025-05-19,Ongoing,38,21.94578947,76.98144558,0.56309425,,,,,,,,not_delivering,inactive,,,2025-05-01,2025-05-31
"SK-LPU-MAY 2025 – 1",6724323110197,"2025-05-01 - 2025-05-31",SET1,"Punjab region",not_delivering,adset,73572,130757,1.77726581,"7-day click or 1-day view","Messaging conversations started",,5595.85,,2025-05-20,Ongoing,308,18.16834416,42.79579678,0.3418555,,,,,,,,not_delivering,inactive,,,2025-05-01,2025-05-31
"LPU Punjab - 13/05",6715753772997,"2025-05-01 - 2025-05-31","SET2 - MBA","Punjab region",inactive,adset,6404,7498,1.17083073,"7-day click or 1-day view","Messaging conversations started",,396.97,,2025-05-25,Ongoing,23,17.25956522,52.94345159,0.42678047,,,,,,,,inactive,inactive,,,2025-05-01,2025-05-31
"LPU Punjab - 13/05",6715753772997,"2025-05-01 - 2025-05-31","SET2 - MBA","Himachal Pradesh",inactive,adset,1642,2028,1.23507917,"7-day click or 1-day view","Messaging conversations started",,77.56,,2025-05-25,Ongoing,5,15.512,38.24457594,0.54240631,,,,,,,,inactive,inactive,,,2025-05-01,2025-05-31
"LPU Patiala 19/04/2025",6675807605797,"2025-05-01 - 2025-05-31","New Set","Himachal Pradesh",inactive,adset,470,571,1.21489362,"7-day click or 1-day view","Messaging conversations started",,18.59,,2025-05-03,Ongoing,1,18.59,32.55691769,0.52539405,,,,,,,,inactive,inactive,,,2025-05-01,2025-05-31
"LPU Punjab - 13/05",6715753772997,"2025-05-01 - 2025-05-31",SET1,Chandigarh,not_delivering,adset,15168,30385,2.00323049,"7-day click or 1-day view","Messaging conversations started",,654.44138457,,2025-05-13,Ongoing,59,11.09222686,21.53830458,0.2764522,,,,,,,,not_delivering,inactive,,,2025-05-01,2025-05-31
"LPU Online – 20/25",6723531168997,"2025-05-01 - 2025-05-31",SET1,"Himachal Pradesh",not_delivering,adset,4624,9249,2.00021626,"7-day click or 1-day view","Messaging conversations started",,695.47,,2025-05-19,Ongoing,29,23.98172414,75.19407504,0.41085523,,,,,,,,not_delivering,inactive,,,2025-05-01,2025-05-31
"LPU Punjab - 13/05",6715753772997,"2025-05-01 - 2025-05-31",SET1,"Punjab region",not_delivering,adset,171842,344215,2.00309005,"7-day click or 1-day view","Messaging conversations started",,7243.86532555,,2025-05-13,Ongoing,605,11.97333112,21.04459517,0.2905161,,,,,,,,not_delivering,inactive,,,2025-05-01,2025-05-31
"Punjabi University",6642089283597,"2025-04-01 - 2025-04-30","New Engagement ad set",Haryana,not_delivering,adset,15456,28203,1.82472826,"7-day click or 1-day view","Messaging conversations started",,781.78,,2025-03-29,Ongoing,71,11.01098592,27.71974613,0.49640109,,,,,,,,not_delivering,inactive,,,2025-04-01,2025-04-30
MMU,6671478791197,"2025-04-01 - 2025-04-30","MMU MBA","Himachal Pradesh",not_delivering,adset,0,7,0,"7-day click or 1-day view","Messaging conversations started",,0.05,,2025-04-12,Ongoing,,,7.14285714,0,,,,,,,,not_delivering,inactive,,,2025-04-01,2025-04-30
MMU,6671478791197,"2025-04-01 - 2025-04-30","MMU MBA",Haryana,not_delivering,adset,2084,2731,1.31046065,"7-day click or 1-day view","Messaging conversations started",,156.29,,2025-04-12,Ongoing,7,22.32714286,57.22812157,0.47601611,,,,,,,,not_delivering,inactive,,,2025-04-01,2025-04-30
MMU,6671478791197,"2025-04-01 - 2025-04-30","MMU MBA",Chandigarh,not_delivering,adset,16640,21956,1.31947115,"7-day click or 1-day view","Messaging conversations started",,778.45,,2025-04-12,Ongoing,47,16.56276596,35.45500091,0.32792858,,,,,,,,not_delivering,inactive,,,2025-04-01,2025-04-30
MMU,6671478791197,"2025-04-01 - 2025-04-30","MMU MBA","Punjab region",not_delivering,adset,2020,2570,1.27227723,"7-day click or 1-day view","Messaging conversations started",,141.06,,2025-04-12,Ongoing,6,23.51,54.88715953,0.42801556,,,,,,,,not_delivering,inactive,,,2025-04-01,2025-04-30
"LPU Distance Education Patiala",6668282295797,"2025-04-01 - 2025-04-30",SET1,"Punjab region",not_delivering,adset,118782,219079,1.84437878,"7-day click or 1-day view","Messaging conversations started",,7175.04,,2025-04-09,Ongoing,403,17.80406948,32.75092547,0.34462454,,,,,,,,not_delivering,inactive,,,2025-04-01,2025-04-30
"LPU Punjab",6641565898197,"2025-04-01 - 2025-04-30","New Traffic ad set","Jammu and Kashmir",not_delivering,adset,13776,18923,1.37362079,"7-day click or 1-day view","Link clicks",141,98.94191199,0.70171569,2025-03-29,Ongoing,141,0.70171569,5.22865888,0.84553189,,,,,,,,not_delivering,inactive,0.74512498,,2025-04-01,2025-04-30
"LPU Punjab",6641565898197,"2025-04-01 - 2025-04-30","New Traffic ad set","Himachal Pradesh",not_delivering,adset,14768,19317,1.30803088,"7-day click or 1-day view","Link clicks",133,99.58192436,0.74873627,2025-03-29,Ongoing,133,0.74873627,5.1551444,0.75581094,,,,,,,,not_delivering,inactive,0.68851271,,2025-04-01,2025-04-30
"Punjabi University",6642089283597,"2025-04-01 - 2025-04-30","New Engagement ad set","Punjab region",not_delivering,adset,91744,236119,2.57367239,"7-day click or 1-day view","Messaging conversations started",,6637.64,,2025-03-29,Ongoing,743,8.93356662,28.11141839,0.69414151,,,,,,,,not_delivering,inactive,,,2025-04-01,2025-04-30
MMU,6671478791197,"2025-04-01 - 2025-04-30","MMU MBA","Uttar Pradesh",not_delivering,adset,16,16,1,"7-day click or 1-day view","Messaging conversations started",,0.54,,2025-04-12,Ongoing,,,33.75,0,,,,,,,,not_delivering,inactive,,,2025-04-01,2025-04-30
"MMU - New",6673302606797,"2025-04-01 - 2025-04-30","MMU MBA","Himachal Pradesh",not_delivering,adset,28,28,1,"7-day click or 1-day view","Messaging conversations started",,0.53,,2025-04-14,Ongoing,1,0.53,18.92857143,3.57142857,,,,,,,,not_delivering,inactive,,,2025-04-01,2025-04-30
"MMU - New",6673302606797,"2025-04-01 - 2025-04-30","MMU MBA","Punjab region",not_delivering,adset,4572,5796,1.26771654,"7-day click or 1-day view","Messaging conversations started",,384.65,,2025-04-14,Ongoing,22,17.48409091,66.3647343,0.60386473,,,,,,,,not_delivering,inactive,,,2025-04-01,2025-04-30
"MMU - 18/04/2025",6675281096797,"2025-04-01 - 2025-04-30",SET1,"Himachal Pradesh",not_delivering,adset,6,9,1.5,"7-day click or 1-day view","Messaging conversations started",,0.28,,2025-04-17,Ongoing,,,31.11111111,0,,,,,,,,not_delivering,inactive,,,2025-04-01,2025-04-30
"MMU - New",6673302606797,"2025-04-01 - 2025-04-30","MMU MBA",Chandigarh,not_delivering,adset,11532,16018,1.38900451,"7-day click or 1-day view","Messaging conversations started",,775.18,,2025-04-14,Ongoing,57,13.59964912,48.39430641,0.49319516,,,,,,,,not_delivering,inactive,,,2025-04-01,2025-04-30
"LPU Punjab",6641565898197,"2025-04-01 - 2025-04-30","New Traffic ad set","Punjab region",not_delivering,adset,47585,67372,1.41582431,"7-day click or 1-day view","Link clicks",484,318.95616364,0.65900034,2025-03-29,Ongoing,484,0.65900034,4.73425405,0.74956955,,,,,,,,not_delivering,inactive,0.71839934,,2025-04-01,2025-04-30
"LPU - SET 18/04/2025",6675261135997,"2025-04-01 - 2025-04-30",SET1,"Punjab region",not_delivering,adset,3331,3849,1.15550886,"7-day click or 1-day view","Messaging conversations started",,219.61,,2025-04-17,Ongoing,8,27.45125,57.05637828,0.36373084,,,,,,,,not_delivering,inactive,,,2025-04-01,2025-04-30
"MMU - New",6673302606797,"2025-04-01 - 2025-04-30","MMU MBA",Haryana,not_delivering,adset,4884,6549,1.34090909,"7-day click or 1-day view","Messaging conversations started",,359.5,,2025-04-14,Ongoing,22,16.34090909,54.89387693,0.62604978,,,,,,,,not_delivering,inactive,,,2025-04-01,2025-04-30
"LPU - 26/04",6685419908397,"2025-04-01 - 2025-04-30","New Engagement ad set","Punjab region",not_delivering,adset,19521,27672,1.41755033,"7-day click or 1-day view","Messaging conversations started",,830.97844336,,2025-04-26,Ongoing,42,19.78520103,30.02957659,0.29632842,,,,,,,,not_delivering,inactive,,,2025-04-01,2025-04-30
"LPU Patiala 19/04/2025",6675807605797,"2025-04-01 - 2025-04-30","New Engagement ad set","Himachal Pradesh",not_delivering,adset,6512,9472,1.45454545,"7-day click or 1-day view","Messaging conversations started",,213.82,,2025-04-18,Ongoing,17,12.57764706,22.57390203,0.31672297,,,,,,,,not_delivering,inactive,,,2025-04-01,2025-04-30
"LPU Patiala 19/04/2025",6675807605797,"2025-04-01 - 2025-04-30","New Engagement ad set","Punjab region",not_delivering,adset,32848,48121,1.46495981,"7-day click or 1-day view","Messaging conversations started",,1420.93,,2025-04-18,Ongoing,107,13.27971963,29.52827248,0.38444754,,,,,,,,not_delivering,inactive,,,2025-04-01,2025-04-30
"MMU - 18/04/2025",6675281096797,"2025-04-01 - 2025-04-30",SET1,Haryana,not_delivering,adset,1298,1636,1.26040062,"7-day click or 1-day view","Messaging conversations started",,125.51,,2025-04-17,Ongoing,3,41.83666667,76.71760391,0.67237164,,,,,,,,not_delivering,inactive,,,2025-04-01,2025-04-30
"LPU - 26/04",6685419908397,"2025-04-01 - 2025-04-30","New Engagement ad set","Himachal Pradesh",not_delivering,adset,4776,6014,1.25921273,"7-day click or 1-day view","Messaging conversations started",,153.20155664,,2025-04-26,Ongoing,12,12.76679639,25.47415308,0.29930163,,,,,,,,not_delivering,inactive,,,2025-04-01,2025-04-30
"MMU - 18/04/2025",6675281096797,"2025-04-01 - 2025-04-30",SET1,"Punjab region",not_delivering,adset,1372,1702,1.24052478,"7-day click or 1-day view","Messaging conversations started",,135.49,,2025-04-17,Ongoing,10,13.549,79.60634548,0.8813161,,,,,,,,not_delivering,inactive,,,2025-04-01,2025-04-30
"LPU - SET 18/04/2025",6675261135997,"2025-04-01 - 2025-04-30",SET1,"Himachal Pradesh",not_delivering,adset,788,946,1.20050761,"7-day click or 1-day view","Messaging conversations started",,45.91,,2025-04-17,Ongoing,1,45.91,48.53065539,0.10570825,,,,,,,,not_delivering,inactive,,,2025-04-01,2025-04-30
"MMU - 18/04/2025",6675281096797,"2025-04-01 - 2025-04-30",SET1,Chandigarh,not_delivering,adset,3416,4396,1.28688525,"7-day click or 1-day view","Messaging conversations started",,332.51,,2025-04-17,Ongoing,22,15.11409091,75.63921747,0.77343039,,,,,,,,not_delivering,inactive,,,2025-04-01,2025-04-30
"SK- LPU - Facebook + Insta + Whtsapp Ads",6612219196197,"2025-02-01 - 2025-02-28","New Engagement ad set","Jammu and Kashmir",not_delivering,adset,5978,11607,1.94161927,"7-day click or 1-day view","Messaging conversations started",,854.67301792,,2025-02-16,Ongoing,40,21.36682545,73.63427397,0.49108297,,,,,,,,not_delivering,inactive,,,2025-02-01,2025-02-28
"SK- LPU - Facebook + Insta + Whtsapp Ads",6612219196197,"2025-02-01 - 2025-02-28","New Engagement ad set","Himachal Pradesh",not_delivering,adset,5239,9695,1.850544,"7-day click or 1-day view","Messaging conversations started",,669.67202498,,2025-02-16,Ongoing,28,23.91685803,69.07395822,0.48478597,,,,,,,,not_delivering,inactive,,,2025-02-01,2025-02-28
"SK- LPU - Facebook + Insta + Whtsapp Ads",6612219196197,"2025-02-01 - 2025-02-28","New Engagement ad set","Punjab region",not_delivering,adset,31262,58845,1.88231719,"7-day click or 1-day view","Messaging conversations started",,4407.85495711,,2025-02-16,Ongoing,143,30.82416054,74.90619351,0.49282012,,,,,,,,not_delivering,inactive,,,2025-02-01,2025-02-28
