record_id,awarding_hei,platform_or_brand,exact_programme,mode,academic_session,ugc_deb_source_url,official_programme_url,fee_source_url_or_file,fee_basis,compulsory_fees,discount_assumptions,intake,eligibility,exam_mode,refund_source,last_verified_at,verified_by,status,notes
amity-university-online-01,Amity University Online,Amity University Online,Online BA,Online,unconfirmed,https://deb.ugc.ac.in/Home/HEI_Prog_List,https://www.amityonline.com,internal draft content (website-build/src/content/universities/amity-university-online.md),Standard=101200 | Loan General=109250,,Standard 12% one-time discount; Loan General 5% one-time discount,unconfirmed,10+2 in any stream,unconfirmed,unconfirmed,2026-07-24,background research agent (UGC-DEB + official-source cross-check),stale,"A Hindi Medium / Vernacular general BA is also available at a flat Rs. 90,000 with no one-time discount."
amity-university-online-02,Amity University Online,Amity University Online,Online BBA,Online,unconfirmed,https://deb.ugc.ac.in/Home/HEI_Prog_List,https://www.amityonline.com,internal draft content (website-build/src/content/universities/amity-university-online.md),Standard=175120 | Loan General=189050,,Standard 12% one-time discount; Loan General 5% one-time discount,unconfirmed,10+2 in any stream,unconfirmed,unconfirmed,2026-07-24,background research agent (UGC-DEB + official-source cross-check),stale,"A corporate-partnership BBA-Lenskart variant is also available (Standard plan one-time fee: Rs. 2,42,000)."
amity-university-online-03,Amity University Online,Amity University Online,Online B.Com,Online,unconfirmed,https://deb.ugc.ac.in/Home/HEI_Prog_List,https://www.amityonline.com,internal draft content (website-build/src/content/universities/amity-university-online.md),Standard=101200 | Loan General=109250,,Standard 12% one-time discount; Loan General 5% one-time discount,unconfirmed,10+2 in any stream,unconfirmed,unconfirmed,2026-07-24,background research agent (UGC-DEB + official-source cross-check),stale,"A Vernacular medium variant is also available at a flat Rs. 90,000 with no one-time discount. Strong foundation for CA/CPA exam preparation, per Amity's own materials."
amity-university-online-04,Amity University Online,Amity University Online,Online BCA,Online,unconfirmed,https://deb.ugc.ac.in/Home/HEI_Prog_List,https://www.amityonline.com,internal draft content (website-build/src/content/universities/amity-university-online.md),Standard=154000 | Loan General=166250,,Standard 12% one-time discount; Loan General 5% one-time discount,unconfirmed,10+2 in any stream,unconfirmed,unconfirmed,2026-07-24,background research agent (UGC-DEB + official-source cross-check),stale,
amity-university-online-05,Amity University Online,Amity University Online,Online MBA,Online,unconfirmed,https://deb.ugc.ac.in/Home/HEI_Prog_List,https://www.amityonline.com,internal draft content (website-build/src/content/universities/amity-university-online.md),Standard=207000 | Loan General=213750,,Standard 8% one-time discount; Loan General 5% one-time discount,unconfirmed,Bachelor's degree in any discipline,unconfirmed,unconfirmed,2026-07-24,background research agent (UGC-DEB + official-source cross-check),stale,"A corporate-partnership MBA-Lenskart variant is also available (Standard plan one-time fee: Rs. 2,53,000)."
amity-university-online-06,Amity University Online,Amity University Online,Online MCA,Online,unconfirmed,https://deb.ugc.ac.in/Home/HEI_Prog_List,https://www.amityonline.com,internal draft content (website-build/src/content/universities/amity-university-online.md),Standard=183080 | Loan General=189050,,Standard 8% one-time discount; Loan General 5% one-time discount,unconfirmed,Bachelor's degree with Mathematics/Computer Science background,unconfirmed,unconfirmed,2026-07-24,background research agent (UGC-DEB + official-source cross-check),stale,
amity-university-online-07,Amity University Online,Amity University Online,Online M.Com,Online,unconfirmed,https://deb.ugc.ac.in/Home/HEI_Prog_List,https://www.amityonline.com,internal draft content (website-build/src/content/universities/amity-university-online.md),Standard=138000 | Loan General=142500,,Standard 8% one-time discount; Loan General 5% one-time discount,unconfirmed,Bachelor's degree in Commerce or related field,unconfirmed,unconfirmed,2026-07-24,background research agent (UGC-DEB + official-source cross-check),stale,
amity-university-online-08,Amity University Online,Amity University Online,Online MA,Online,unconfirmed,https://deb.ugc.ac.in/Home/HEI_Prog_List,https://www.amityonline.com,internal draft content (website-build/src/content/universities/amity-university-online.md),Standard=174800 | Loan General=180500,,Standard 8% one-time discount; Loan General 5% one-time discount,unconfirmed,Bachelor's degree in any discipline,unconfirmed,unconfirmed,2026-07-24,background research agent (UGC-DEB + official-source cross-check),stale,Delivered as MA in Journalism and Mass Communication by default; Public Policy & Governance is a lower-cost alternative specialization.
amity-university-online-09,Amity University Online,Amity University Online,Online M.Sc Data Science,Online,unconfirmed,https://deb.ugc.ac.in/Home/HEI_Prog_List,https://www.amityonline.com,internal draft content (website-build/src/content/universities/amity-university-online.md),Standard=253000 | Loan General=261250,,Standard 8% one-time discount; Loan General 5% one-time discount,unconfirmed,Bachelor's degree with a quantitative background,unconfirmed,unconfirmed,2026-07-24,background research agent (UGC-DEB + official-source cross-check),stale,Recommended study load: 12-15 hours/week.
amity-university-online-10,Amity University Online,Amity University Online,BBA + MBA Combo Degree,Online,unconfirmed,https://deb.ugc.ac.in/Home/HEI_Prog_List,https://www.amityonline.com,internal draft content (website-build/src/content/universities/amity-university-online.md),Standard=370570 | Loan General=382660,,Standard 8% one-time discount; Loan General 5% one-time discount,unconfirmed,10+2 in any stream (for combined UG+PG entry),unconfirmed,unconfirmed,2026-07-24,background research agent (UGC-DEB + official-source cross-check),stale,Combo degrees preserve the combined program's tuition rate and remove the need to reapply for the postgraduate half later.
amity-university-online-11,Amity University Online,Amity University Online,B.Com + MBA Combo Degree,Online,unconfirmed,https://deb.ugc.ac.in/Home/HEI_Prog_List,https://www.amityonline.com,internal draft content (website-build/src/content/universities/amity-university-online.md),Standard=297160 | Loan General=306850,,Standard 8% one-time discount; Loan General 5% one-time discount,unconfirmed,10+2 in any stream (for combined UG+PG entry),unconfirmed,unconfirmed,2026-07-24,background research agent (UGC-DEB + official-source cross-check),stale,
amity-university-online-12,Amity University Online,Amity University Online,BCA + MCA Combo Degree,Online,unconfirmed,https://deb.ugc.ac.in/Home/HEI_Prog_List,https://www.amityonline.com,internal draft content (website-build/src/content/universities/amity-university-online.md),Standard=326870 | Loan General=337530,,Standard 8% one-time discount; Loan General 5% one-time discount,unconfirmed,10+2 in any stream (for combined UG+PG entry),unconfirmed,unconfirmed,2026-07-24,background research agent (UGC-DEB + official-source cross-check),stale,
chandigarh-university-online-01,Chandigarh University Online,Chandigarh University Online,Online MBA,Online,unconfirmed,https://deb.ugc.ac.in/Home/HEI_Prog_List,https://www.onlinecu.in,internal draft content (website-build/src/content/universities/chandigarh-university-online.md),lumpsum=160000,,,unconfirmed,Bachelor's degree in any discipline,unconfirmed,unconfirmed,2026-07-24,background research agent (UGC-DEB + official-source cross-check),stale,
chandigarh-university-online-02,Chandigarh University Online,Chandigarh University Online,Online MCA,Online,unconfirmed,https://deb.ugc.ac.in/Home/HEI_Prog_List,https://www.onlinecu.in,internal draft content (website-build/src/content/universities/chandigarh-university-online.md),lumpsum=140000,,,unconfirmed,Bachelor's degree with Mathematics/Computer Science background,unconfirmed,unconfirmed,2026-07-24,background research agent (UGC-DEB + official-source cross-check),stale,Not yet confirmed in the UGC-DEB documents we could access — ask us to confirm current entitlement.
chandigarh-university-online-03,Chandigarh University Online,Chandigarh University Online,Online M.Com,Online,unconfirmed,https://deb.ugc.ac.in/Home/HEI_Prog_List,https://www.onlinecu.in,internal draft content (website-build/src/content/universities/chandigarh-university-online.md),lumpsum=80000,,,unconfirmed,Bachelor's degree in Commerce or related field,unconfirmed,unconfirmed,2026-07-24,background research agent (UGC-DEB + official-source cross-check),stale,
chandigarh-university-online-04,Chandigarh University Online,Chandigarh University Online,Online MA,Online,unconfirmed,https://deb.ugc.ac.in/Home/HEI_Prog_List,https://www.onlinecu.in,internal draft content (website-build/src/content/universities/chandigarh-university-online.md),lumpsum=68000,,,unconfirmed,Bachelor's degree in any discipline,unconfirmed,unconfirmed,2026-07-24,background research agent (UGC-DEB + official-source cross-check),stale,"UGC-DEB entitles specific MA specializations (Journalism & Mass Comm, Liberal Arts, Economics, English) rather than a generic MA — confirm your exact specialization."
chandigarh-university-online-05,Chandigarh University Online,Chandigarh University Online,Online BBA,Online,unconfirmed,https://deb.ugc.ac.in/Home/HEI_Prog_List,https://www.onlinecu.in,internal draft content (website-build/src/content/universities/chandigarh-university-online.md),lumpsum=135000,,,unconfirmed,10+2 in any stream,unconfirmed,unconfirmed,2026-07-24,background research agent (UGC-DEB + official-source cross-check),stale,
chandigarh-university-online-06,Chandigarh University Online,Chandigarh University Online,Online BCA,Online,unconfirmed,https://deb.ugc.ac.in/Home/HEI_Prog_List,https://www.onlinecu.in,internal draft content (website-build/src/content/universities/chandigarh-university-online.md),lumpsum=135000,,,unconfirmed,10+2 in any stream,unconfirmed,unconfirmed,2026-07-24,background research agent (UGC-DEB + official-source cross-check),stale,
chandigarh-university-online-07,Chandigarh University Online,Chandigarh University Online,Online B.Com,Online,unconfirmed,https://deb.ugc.ac.in/Home/HEI_Prog_List,https://www.onlinecu.in,internal draft content (website-build/src/content/universities/chandigarh-university-online.md),lumpsum=99000,,,unconfirmed,10+2 in any stream,unconfirmed,unconfirmed,2026-07-24,background research agent (UGC-DEB + official-source cross-check),stale,Not yet confirmed in the UGC-DEB documents we could access — ask us to confirm current entitlement.
chandigarh-university-online-08,Chandigarh University Online,Chandigarh University Online,Online BA,Online,unconfirmed,https://deb.ugc.ac.in/Home/HEI_Prog_List,https://www.onlinecu.in,internal draft content (website-build/src/content/universities/chandigarh-university-online.md),lumpsum=84000,,,unconfirmed,10+2 in any stream,unconfirmed,unconfirmed,2026-07-24,background research agent (UGC-DEB + official-source cross-check),stale,"UGC-DEB entitles this as BA (Journalism & Mass Communication) specifically, not a generic BA — confirm your exact specialization."
chitkara-university-online-01,Chitkara University Online,Chitkara University Online,Online MBA,Online,unconfirmed,https://deb.ugc.ac.in/Home/HEI_Prog_List,https://www.onlinechitkarau.com,internal draft content (website-build/src/content/universities/chitkara-university-online.md),lumpsum=170000,,,unconfirmed,Bachelor's degree in any discipline,unconfirmed,unconfirmed,,,unverified,
chitkara-university-online-02,Chitkara University Online,Chitkara University Online,Online BBA,Online,unconfirmed,https://deb.ugc.ac.in/Home/HEI_Prog_List,https://www.onlinechitkarau.com,internal draft content (website-build/src/content/universities/chitkara-university-online.md),lumpsum=138000,,,unconfirmed,10+2 in any stream,unconfirmed,unconfirmed,,,unverified,
gla-university-online-01,GLA University Online,GLA University Online,Online MBA,Online,unconfirmed,https://deb.ugc.ac.in/Home/HEI_Prog_List,https://www.glaonline.com,internal draft content (website-build/src/content/universities/gla-university-online.md),lumpsum=140000,,,unconfirmed,Bachelor's degree in any discipline,unconfirmed,unconfirmed,,,unverified,
gla-university-online-02,GLA University Online,GLA University Online,Online MCA,Online,unconfirmed,https://deb.ugc.ac.in/Home/HEI_Prog_List,https://www.glaonline.com,internal draft content (website-build/src/content/universities/gla-university-online.md),lumpsum=130000,,,unconfirmed,Bachelor's degree with Mathematics/Computer Science background,unconfirmed,unconfirmed,,,unverified,
gla-university-online-03,GLA University Online,GLA University Online,Online BBA,Online,unconfirmed,https://deb.ugc.ac.in/Home/HEI_Prog_List,https://www.glaonline.com,internal draft content (website-build/src/content/universities/gla-university-online.md),lumpsum=120000,,,unconfirmed,10+2 in any stream,unconfirmed,unconfirmed,,,unverified,
gla-university-online-04,GLA University Online,GLA University Online,Online BCA,Online,unconfirmed,https://deb.ugc.ac.in/Home/HEI_Prog_List,https://www.glaonline.com,internal draft content (website-build/src/content/universities/gla-university-online.md),lumpsum=120000,,,unconfirmed,10+2 in any stream,unconfirmed,unconfirmed,,,unverified,
gla-university-online-05,GLA University Online,GLA University Online,Online B.Com,Online,unconfirmed,https://deb.ugc.ac.in/Home/HEI_Prog_List,https://www.glaonline.com,internal draft content (website-build/src/content/universities/gla-university-online.md),lumpsum=90000,,,unconfirmed,10+2 in any stream,unconfirmed,unconfirmed,,,unverified,
guru-kashi-university-01,Guru Kashi University,Guru Kashi University,Online MBA,Online,unconfirmed,https://deb.ugc.ac.in/Home/HEI_Prog_List,https://www.gkuonline.in,internal draft content (website-build/src/content/universities/guru-kashi-university.md),lumpsum=100000,,,unconfirmed,Bachelor's degree in any discipline,unconfirmed,unconfirmed,,,unverified,
guru-kashi-university-02,Guru Kashi University,Guru Kashi University,Online MCA,Online,unconfirmed,https://deb.ugc.ac.in/Home/HEI_Prog_List,https://www.gkuonline.in,internal draft content (website-build/src/content/universities/guru-kashi-university.md),lumpsum=95000,,,unconfirmed,Bachelor's degree with Mathematics/Computer Science background,unconfirmed,unconfirmed,,,unverified,
guru-kashi-university-03,Guru Kashi University,Guru Kashi University,Online M.Com,Online,unconfirmed,https://deb.ugc.ac.in/Home/HEI_Prog_List,https://www.gkuonline.in,internal draft content (website-build/src/content/universities/guru-kashi-university.md),lumpsum=55000,,,unconfirmed,Bachelor's degree in Commerce or related field,unconfirmed,unconfirmed,,,unverified,
guru-kashi-university-04,Guru Kashi University,Guru Kashi University,Online MA,Online,unconfirmed,https://deb.ugc.ac.in/Home/HEI_Prog_List,https://www.gkuonline.in,internal draft content (website-build/src/content/universities/guru-kashi-university.md),lumpsum=48000,,,unconfirmed,Bachelor's degree in any discipline,unconfirmed,unconfirmed,,,unverified,
guru-kashi-university-05,Guru Kashi University,Guru Kashi University,Online BBA,Online,unconfirmed,https://deb.ugc.ac.in/Home/HEI_Prog_List,https://www.gkuonline.in,internal draft content (website-build/src/content/universities/guru-kashi-university.md),lumpsum=85000,,,unconfirmed,10+2 in any stream,unconfirmed,unconfirmed,,,unverified,
guru-kashi-university-06,Guru Kashi University,Guru Kashi University,Online BCA,Online,unconfirmed,https://deb.ugc.ac.in/Home/HEI_Prog_List,https://www.gkuonline.in,internal draft content (website-build/src/content/universities/guru-kashi-university.md),lumpsum=90000,,,unconfirmed,10+2 in any stream,unconfirmed,unconfirmed,,,unverified,
guru-kashi-university-07,Guru Kashi University,Guru Kashi University,Online B.Com,Online,unconfirmed,https://deb.ugc.ac.in/Home/HEI_Prog_List,https://www.gkuonline.in,internal draft content (website-build/src/content/universities/guru-kashi-university.md),lumpsum=66000,,,unconfirmed,10+2 in any stream,unconfirmed,unconfirmed,,,unverified,
guru-kashi-university-08,Guru Kashi University,Guru Kashi University,Online BA,Online,unconfirmed,https://deb.ugc.ac.in/Home/HEI_Prog_List,https://www.gkuonline.in,internal draft content (website-build/src/content/universities/guru-kashi-university.md),lumpsum=56000,,,unconfirmed,10+2 in any stream,unconfirmed,unconfirmed,,,unverified,
jagat-guru-nanak-dev-psou-01,Jagat Guru Nanak Dev Punjab State Open University,Jagat Guru Nanak Dev Punjab State Open University,M.Com (ODL),Distance (ODL),unconfirmed,https://deb.ugc.ac.in/Home/HEI_Prog_List,https://www.psou.ac.in,internal draft content (website-build/src/content/universities/jagat-guru-nanak-dev-psou.md),lumpsum=24000,,,unconfirmed,Bachelor's degree in Commerce or related field,unconfirmed,unconfirmed,2026-07-24,background research agent (UGC-DEB + official-source cross-check),stale,"PSOU is UGC-DEB entitled for Distance/ODL mode, not a separate 'Online' mode — corrected from the previous 'Online & Distance' label."
jagat-guru-nanak-dev-psou-02,Jagat Guru Nanak Dev Punjab State Open University,Jagat Guru Nanak Dev Punjab State Open University,MA (ODL),Distance (ODL),unconfirmed,https://deb.ugc.ac.in/Home/HEI_Prog_List,https://www.psou.ac.in,internal draft content (website-build/src/content/universities/jagat-guru-nanak-dev-psou.md),lumpsum=18000,,,unconfirmed,Bachelor's degree in any discipline,unconfirmed,unconfirmed,2026-07-24,background research agent (UGC-DEB + official-source cross-check),stale,"PSOU is UGC-DEB entitled for Distance/ODL mode, not a separate 'Online' mode."
jagat-guru-nanak-dev-psou-03,Jagat Guru Nanak Dev Punjab State Open University,Jagat Guru Nanak Dev Punjab State Open University,B.Com (ODL),Distance (ODL),unconfirmed,https://deb.ugc.ac.in/Home/HEI_Prog_List,https://www.psou.ac.in,internal draft content (website-build/src/content/universities/jagat-guru-nanak-dev-psou.md),lumpsum=30000,,,unconfirmed,10+2 in any stream,unconfirmed,unconfirmed,2026-07-24,background research agent (UGC-DEB + official-source cross-check),stale,"PSOU is UGC-DEB entitled for Distance/ODL mode, not a separate 'Online' mode."
jagat-guru-nanak-dev-psou-04,Jagat Guru Nanak Dev Punjab State Open University,Jagat Guru Nanak Dev Punjab State Open University,BA (ODL),Distance (ODL),unconfirmed,https://deb.ugc.ac.in/Home/HEI_Prog_List,https://www.psou.ac.in,internal draft content (website-build/src/content/universities/jagat-guru-nanak-dev-psou.md),lumpsum=15000,,,unconfirmed,10+2 in any stream,unconfirmed,unconfirmed,2026-07-24,background research agent (UGC-DEB + official-source cross-check),stale,"PSOU is UGC-DEB entitled for Distance/ODL mode, not a separate 'Online' mode."
lovely-professional-university-01,Lovely Professional University,Lovely Professional University,Online MBA,Online,unconfirmed,https://deb.ugc.ac.in/Home/HEI_Prog_List,https://www.lpuonline.com,internal draft content (website-build/src/content/universities/lovely-professional-university.md),semester=40400,,,unconfirmed,Bachelor's degree in any discipline,unconfirmed,unconfirmed,2026-07-25,Pratham Goel (personal check against UGC-DEB portal / university site),verified,"Post-20% Student Grant, includes exam fee. Plus a one-time Rs. 1,000 registration fee. International: ~US$2,000/semester + US$100 exam fee. UGC entitlement personally re-confirmed by Pratham Goel on 2026-07-25 (prior automated research passes had not found this row)."
lovely-professional-university-02,Lovely Professional University,Lovely Professional University,Online MCA,Online,unconfirmed,https://deb.ugc.ac.in/Home/HEI_Prog_List,https://www.lpuonline.com,internal draft content (website-build/src/content/universities/lovely-professional-university.md),semester=32400,,,unconfirmed,Bachelor's degree with Mathematics at 10+2 or graduation level,unconfirmed,unconfirmed,2026-07-24,background research agent (UGC-DEB + official-source cross-check),stale,"Post-20% Student Grant, includes exam fee. 28 core courses + 4 discipline electives + 4 generic electives + 4 skill-enhancement courses. International: ~US$1,250/semester + US$100 exam fee."
lovely-professional-university-03,Lovely Professional University,Lovely Professional University,Online BCA,Online,unconfirmed,https://deb.ugc.ac.in/Home/HEI_Prog_List,https://www.lpuonline.com,internal draft content (website-build/src/content/universities/lovely-professional-university.md),semester=20400,,,unconfirmed,10+2 in any stream,unconfirmed,unconfirmed,2026-07-24,background research agent (UGC-DEB + official-source cross-check),stale,"Post-20% Student Grant, includes exam fee. Covers Python, PHP, Java, SQL, Linux, Bootstrap, DBMS, Software Engineering, Computer Networks, Operating Systems, and AI."
lovely-professional-university-04,Lovely Professional University,Lovely Professional University,Online BBA,Online,unconfirmed,https://deb.ugc.ac.in/Home/HEI_Prog_List,https://www.lpuonline.com,internal draft content (website-build/src/content/universities/lovely-professional-university.md),semester=20400,,,unconfirmed,10+2 in any stream,unconfirmed,unconfirmed,2026-07-24,background research agent (UGC-DEB + official-source cross-check),stale,"Post-20% Student Grant, includes exam fee. International: ~US$1,250/semester + US$100 exam fee. Covers Accounting Software, Office Automation, Project Management tools, and Data Analytics."
lovely-professional-university-05,Lovely Professional University,Lovely Professional University,Online M.Com,Online,unconfirmed,https://deb.ugc.ac.in/Home/HEI_Prog_List,https://www.lpuonline.com,internal draft content (website-build/src/content/universities/lovely-professional-university.md),semester=20400,,,unconfirmed,Bachelor's degree in Commerce or related field,unconfirmed,unconfirmed,2026-07-24,background research agent (UGC-DEB + official-source cross-check),stale,"Post-20% Student Grant, includes exam fee. International: ~US$1,050/semester + US$100 exam fee. Interdisciplinary electives include Data Science Toolbox, Digital & Social Media Marketing, and Security Analysis."
lovely-professional-university-06,Lovely Professional University,Lovely Professional University,Online BA,Online,unconfirmed,https://deb.ugc.ac.in/Home/HEI_Prog_List,https://www.lpuonline.com,internal draft content (website-build/src/content/universities/lovely-professional-university.md),semester=16400,,,unconfirmed,10+2 in any stream,unconfirmed,unconfirmed,2026-07-24,background research agent (UGC-DEB + official-source cross-check),stale,"Post-20% Student Grant, includes exam fee. International: ~US$850/semester + US$100 exam fee."
lovely-professional-university-07,Lovely Professional University,Lovely Professional University,Online MA,Online,unconfirmed,https://deb.ugc.ac.in/Home/HEI_Prog_List,https://www.lpuonline.com,internal draft content (website-build/src/content/universities/lovely-professional-university.md),semester=16400,,,unconfirmed,Bachelor's degree in any discipline,unconfirmed,unconfirmed,2026-07-24,background research agent (UGC-DEB + official-source cross-check),stale,"Post-20% Student Grant, includes exam fee."
lovely-professional-university-08,Lovely Professional University,Lovely Professional University,Online M.Sc Mathematics,Online,unconfirmed,https://deb.ugc.ac.in/Home/HEI_Prog_List,https://www.lpuonline.com,internal draft content (website-build/src/content/universities/lovely-professional-university.md),semester=20400,,,unconfirmed,Bachelor's degree with Mathematics,unconfirmed,unconfirmed,2026-07-24,background research agent (UGC-DEB + official-source cross-check),stale,"Post-20% Student Grant, includes exam fee. International: ~US$850/semester + US$100 exam fee. Interdisciplinary electives include Advanced Data Visualization, Financial Analytics, and Forex Management."
lovely-professional-university-09,Lovely Professional University,Lovely Professional University,Online M.Sc Economics,Online,unconfirmed,https://deb.ugc.ac.in/Home/HEI_Prog_List,https://www.lpuonline.com,internal draft content (website-build/src/content/universities/lovely-professional-university.md),semester=20400,,,unconfirmed,Bachelor's degree in Economics or a related quantitative discipline,unconfirmed,unconfirmed,2026-07-24,background research agent (UGC-DEB + official-source cross-check),stale,"Post-20% Student Grant, includes exam fee. International: ~US$850/semester + US$100 exam fee. Interdisciplinary electives include Financial Analytics and International Banking & Forex Management."
mangalayatan-university-online-01,Mangalayatan University Online,Mangalayatan University Online,Online MBA,Online,unconfirmed,https://deb.ugc.ac.in/Home/HEI_Prog_List,https://www.muonline.ac.in,internal draft content (website-build/src/content/universities/mangalayatan-university-online.md),lumpsum=105000,,,unconfirmed,Bachelor's degree in any discipline,unconfirmed,unconfirmed,,,unverified,
mangalayatan-university-online-02,Mangalayatan University Online,Mangalayatan University Online,Online MCA,Online,unconfirmed,https://deb.ugc.ac.in/Home/HEI_Prog_List,https://www.muonline.ac.in,internal draft content (website-build/src/content/universities/mangalayatan-university-online.md),lumpsum=98000,,,unconfirmed,Bachelor's degree with Mathematics/Computer Science background,unconfirmed,unconfirmed,,,unverified,
mangalayatan-university-online-03,Mangalayatan University Online,Mangalayatan University Online,Online M.Com,Online,unconfirmed,https://deb.ugc.ac.in/Home/HEI_Prog_List,https://www.muonline.ac.in,internal draft content (website-build/src/content/universities/mangalayatan-university-online.md),lumpsum=58000,,,unconfirmed,Bachelor's degree in Commerce or related field,unconfirmed,unconfirmed,,,unverified,
mangalayatan-university-online-04,Mangalayatan University Online,Mangalayatan University Online,Online MA,Online,unconfirmed,https://deb.ugc.ac.in/Home/HEI_Prog_List,https://www.muonline.ac.in,internal draft content (website-build/src/content/universities/mangalayatan-university-online.md),lumpsum=50000,,,unconfirmed,Bachelor's degree in any discipline,unconfirmed,unconfirmed,,,unverified,
mangalayatan-university-online-05,Mangalayatan University Online,Mangalayatan University Online,Online BBA,Online,unconfirmed,https://deb.ugc.ac.in/Home/HEI_Prog_List,https://www.muonline.ac.in,internal draft content (website-build/src/content/universities/mangalayatan-university-online.md),lumpsum=88000,,,unconfirmed,10+2 in any stream,unconfirmed,unconfirmed,,,unverified,
mangalayatan-university-online-06,Mangalayatan University Online,Mangalayatan University Online,Online BCA,Online,unconfirmed,https://deb.ugc.ac.in/Home/HEI_Prog_List,https://www.muonline.ac.in,internal draft content (website-build/src/content/universities/mangalayatan-university-online.md),lumpsum=92000,,,unconfirmed,10+2 in any stream,unconfirmed,unconfirmed,,,unverified,
mangalayatan-university-online-07,Mangalayatan University Online,Mangalayatan University Online,Online B.Com,Online,unconfirmed,https://deb.ugc.ac.in/Home/HEI_Prog_List,https://www.muonline.ac.in,internal draft content (website-build/src/content/universities/mangalayatan-university-online.md),lumpsum=68000,,,unconfirmed,10+2 in any stream,unconfirmed,unconfirmed,,,unverified,
mangalayatan-university-online-08,Mangalayatan University Online,Mangalayatan University Online,Online BA,Online,unconfirmed,https://deb.ugc.ac.in/Home/HEI_Prog_List,https://www.muonline.ac.in,internal draft content (website-build/src/content/universities/mangalayatan-university-online.md),lumpsum=58000,,,unconfirmed,10+2 in any stream,unconfirmed,unconfirmed,,,unverified,
mmu-university-online-01,Maharishi Markandeshwar (MMU) University Online,Maharishi Markandeshwar (MMU) University Online,Online MCA,Online,unconfirmed,https://deb.ugc.ac.in/Home/HEI_Prog_List,https://onlineprograms.mmumullana.org,internal draft content (website-build/src/content/universities/mmu-university-online.md),lumpsum=120000,,,unconfirmed,Bachelor's degree with Mathematics/Computer Science background,unconfirmed,unconfirmed,2026-07-24,background research agent (UGC-DEB + official-source cross-check),stale,
mmu-university-online-02,Maharishi Markandeshwar (MMU) University Online,Maharishi Markandeshwar (MMU) University Online,Online BBA,Online,unconfirmed,https://deb.ugc.ac.in/Home/HEI_Prog_List,https://onlineprograms.mmumullana.org,internal draft content (website-build/src/content/universities/mmu-university-online.md),lumpsum=110000,,,unconfirmed,10+2 in any stream,unconfirmed,unconfirmed,2026-07-24,background research agent (UGC-DEB + official-source cross-check),stale,
mmu-university-online-03,Maharishi Markandeshwar (MMU) University Online,Maharishi Markandeshwar (MMU) University Online,Online B.Com (Hons),Online,unconfirmed,https://deb.ugc.ac.in/Home/HEI_Prog_List,https://onlineprograms.mmumullana.org,internal draft content (website-build/src/content/universities/mmu-university-online.md),lumpsum=85000,,,unconfirmed,10+2 in any stream,unconfirmed,unconfirmed,2026-07-24,background research agent (UGC-DEB + official-source cross-check),stale,Corrected from a generic 'B.Com' — MMU's confirmed UGC-DEB online entitlement is specifically for the Honours variant.
online-manipal-university-00,"Online Manipal (multi-entity, unresolved)","Online Manipal (multi-entity, unresolved)","(none published, see notes)",,,https://deb.ugc.ac.in/Home/HEI_Prog_List,https://onlinemanipal.com,,,,,,,,,2026-07-24,background research agent (UGC-DEB + official-source cross-check),disputed,"Entity conflation or zero-confirmed-entitlement, see evidence/claims-register.csv and evidence/source-register.md"
punjabi-university-online-distance-01,Punjabi University Distance Education,Punjabi University Distance Education,MBA (ODL),Distance (ODL),unconfirmed,https://deb.ugc.ac.in/Home/HEI_Prog_List,https://www.cdoepunjabiuniversity.in,internal draft content (website-build/src/content/universities/punjabi-university-online-distance.md),lumpsum=70000,,,unconfirmed,Bachelor's degree in any discipline,unconfirmed,unconfirmed,2026-07-24,background research agent (UGC-DEB + official-source cross-check),stale,"Punjabi University is UGC-DEB entitled for Distance/ODL mode, corrected from 'Online & Distance'."
punjabi-university-online-distance-02,Punjabi University Distance Education,Punjabi University Distance Education,M.Sc (Information Technology) (ODL),Distance (ODL),unconfirmed,https://deb.ugc.ac.in/Home/HEI_Prog_List,https://www.cdoepunjabiuniversity.in,internal draft content (website-build/src/content/universities/punjabi-university-online-distance.md),lumpsum=65000,,,unconfirmed,Bachelor's degree with Mathematics/Computer Science background,unconfirmed,unconfirmed,2026-07-24,background research agent (UGC-DEB + official-source cross-check),stale,"Corrected from 'MCA' — UGC-DEB's entitlement for Punjabi University names this programme M.Sc (Information Technology), not Master of Computer Applications."
punjabi-university-online-distance-03,Punjabi University Distance Education,Punjabi University Distance Education,M.Com (ODL),Distance (ODL),unconfirmed,https://deb.ugc.ac.in/Home/HEI_Prog_List,https://www.cdoepunjabiuniversity.in,internal draft content (website-build/src/content/universities/punjabi-university-online-distance.md),lumpsum=30000,,,unconfirmed,Bachelor's degree in Commerce or related field,unconfirmed,unconfirmed,2026-07-24,background research agent (UGC-DEB + official-source cross-check),stale,
punjabi-university-online-distance-04,Punjabi University Distance Education,Punjabi University Distance Education,MA (ODL),Distance (ODL),unconfirmed,https://deb.ugc.ac.in/Home/HEI_Prog_List,https://www.cdoepunjabiuniversity.in,internal draft content (website-build/src/content/universities/punjabi-university-online-distance.md),lumpsum=22000,,,unconfirmed,Bachelor's degree in any discipline,unconfirmed,unconfirmed,2026-07-24,background research agent (UGC-DEB + official-source cross-check),stale,"Confirmed UGC-DEB-entitled MA specializations include Economics, History, Hindi, Punjabi, Political Science, Religious Studies, Sikh Studies, Sociology, Public Administration, English, Education, and Journalism & Mass Communication — confirm your exa"
punjabi-university-online-distance-05,Punjabi University Distance Education,Punjabi University Distance Education,BBA (ODL),Distance (ODL),unconfirmed,https://deb.ugc.ac.in/Home/HEI_Prog_List,https://www.cdoepunjabiuniversity.in,internal draft content (website-build/src/content/universities/punjabi-university-online-distance.md),lumpsum=55000,,,unconfirmed,10+2 in any stream,unconfirmed,unconfirmed,2026-07-24,background research agent (UGC-DEB + official-source cross-check),stale,
punjabi-university-online-distance-06,Punjabi University Distance Education,Punjabi University Distance Education,BCA (ODL),Distance (ODL),unconfirmed,https://deb.ugc.ac.in/Home/HEI_Prog_List,https://www.cdoepunjabiuniversity.in,internal draft content (website-build/src/content/universities/punjabi-university-online-distance.md),lumpsum=58000,,,unconfirmed,10+2 in any stream,unconfirmed,unconfirmed,2026-07-24,background research agent (UGC-DEB + official-source cross-check),stale,
punjabi-university-online-distance-07,Punjabi University Distance Education,Punjabi University Distance Education,B.Com (ODL),Distance (ODL),unconfirmed,https://deb.ugc.ac.in/Home/HEI_Prog_List,https://www.cdoepunjabiuniversity.in,internal draft content (website-build/src/content/universities/punjabi-university-online-distance.md),lumpsum=36000,,,unconfirmed,10+2 in any stream,unconfirmed,unconfirmed,2026-07-24,background research agent (UGC-DEB + official-source cross-check),stale,
punjabi-university-online-distance-08,Punjabi University Distance Education,Punjabi University Distance Education,BA (ODL),Distance (ODL),unconfirmed,https://deb.ugc.ac.in/Home/HEI_Prog_List,https://www.cdoepunjabiuniversity.in,internal draft content (website-build/src/content/universities/punjabi-university-online-distance.md),lumpsum=20000,,,unconfirmed,10+2 in any stream,unconfirmed,unconfirmed,2026-07-24,background research agent (UGC-DEB + official-source cross-check),stale,Offered as a combination of three subjects; confirm your exact subject combination.
desh-bhagat-university-01,Desh Bhagat University,DBU Online,Online MBA,Online,2025-26 (per brochure; specific intake unconfirmed),https://deb.ugc.ac.in/Home/HEI_Prog_List,https://www.dbuonline.in,website-build/database/unprocessed/DBU-Online-Brochure-2025-26.pdf,unconfirmed - no fee figures published in source document,,,unconfirmed,Any graduate with minimum 50%,unconfirmed,unconfirmed,2026-07-25,Pratham Goel (supplied source document); background research agent (transcription),stale,"Sourced from DBU's own official 2025-26 online-programme brochure (university marketing material, not an independent UGC-DEB portal confirmation). Brochure claims 'UGC Entitled' and NAAC A+ but this has not been independently verified against the regulator's own records."
desh-bhagat-university-02,Desh Bhagat University,DBU Online,Online M.Com,Online,2025-26 (per brochure; specific intake unconfirmed),https://deb.ugc.ac.in/Home/HEI_Prog_List,https://www.dbuonline.in,website-build/database/unprocessed/DBU-Online-Brochure-2025-26.pdf,unconfirmed - no fee figures published in source document,,,unconfirmed,B.Com with minimum 50%,unconfirmed,unconfirmed,2026-07-25,Pratham Goel (supplied source document); background research agent (transcription),stale,"Sourced from DBU's own official 2025-26 online-programme brochure (university marketing material, not an independent UGC-DEB portal confirmation). Brochure claims 'UGC Entitled' and NAAC A+ but this has not been independently verified against the regulator's own records."
desh-bhagat-university-03,Desh Bhagat University,DBU Online,Online MCA,Online,2025-26 (per brochure; specific intake unconfirmed),https://deb.ugc.ac.in/Home/HEI_Prog_List,https://www.dbuonline.in,website-build/database/unprocessed/DBU-Online-Brochure-2025-26.pdf,unconfirmed - no fee figures published in source document,,,unconfirmed,Any graduate with minimum 50%,unconfirmed,unconfirmed,2026-07-25,Pratham Goel (supplied source document); background research agent (transcription),stale,"Sourced from DBU's own official 2025-26 online-programme brochure (university marketing material, not an independent UGC-DEB portal confirmation). Brochure claims 'UGC Entitled' and NAAC A+ but this has not been independently verified against the regulator's own records."
desh-bhagat-university-04,Desh Bhagat University,DBU Online,Online MJMC,Online,2025-26 (per brochure; specific intake unconfirmed),https://deb.ugc.ac.in/Home/HEI_Prog_List,https://www.dbuonline.in,website-build/database/unprocessed/DBU-Online-Brochure-2025-26.pdf,unconfirmed - no fee figures published in source document,,,unconfirmed,BJMC with minimum 50%,unconfirmed,unconfirmed,2026-07-25,Pratham Goel (supplied source document); background research agent (transcription),stale,"Sourced from DBU's own official 2025-26 online-programme brochure (university marketing material, not an independent UGC-DEB portal confirmation). Brochure claims 'UGC Entitled' and NAAC A+ but this has not been independently verified against the regulator's own records."
desh-bhagat-university-05,Desh Bhagat University,DBU Online,Online MA (English),Online,2025-26 (per brochure; specific intake unconfirmed),https://deb.ugc.ac.in/Home/HEI_Prog_List,https://www.dbuonline.in,website-build/database/unprocessed/DBU-Online-Brochure-2025-26.pdf,unconfirmed - no fee figures published in source document,,,unconfirmed,"Graduate with English as a major subject, minimum 50%",unconfirmed,unconfirmed,2026-07-25,Pratham Goel (supplied source document); background research agent (transcription),stale,"Sourced from DBU's own official 2025-26 online-programme brochure (university marketing material, not an independent UGC-DEB portal confirmation). Brochure claims 'UGC Entitled' and NAAC A+ but this has not been independently verified against the regulator's own records."
desh-bhagat-university-06,Desh Bhagat University,DBU Online,Online MA (Punjabi),Online,2025-26 (per brochure; specific intake unconfirmed),https://deb.ugc.ac.in/Home/HEI_Prog_List,https://www.dbuonline.in,website-build/database/unprocessed/DBU-Online-Brochure-2025-26.pdf,unconfirmed - no fee figures published in source document,,,unconfirmed,"Graduate with Punjabi as a major subject, minimum 50%",unconfirmed,unconfirmed,2026-07-25,Pratham Goel (supplied source document); background research agent (transcription),stale,"Sourced from DBU's own official 2025-26 online-programme brochure (university marketing material, not an independent UGC-DEB portal confirmation). Brochure claims 'UGC Entitled' and NAAC A+ but this has not been independently verified against the regulator's own records."
desh-bhagat-university-07,Desh Bhagat University,DBU Online,Online MA (Hindi),Online,2025-26 (per brochure; specific intake unconfirmed),https://deb.ugc.ac.in/Home/HEI_Prog_List,https://www.dbuonline.in,website-build/database/unprocessed/DBU-Online-Brochure-2025-26.pdf,unconfirmed - no fee figures published in source document,,,unconfirmed,"Graduate with Hindi as a major subject, minimum 50%",unconfirmed,unconfirmed,2026-07-25,Pratham Goel (supplied source document); background research agent (transcription),stale,"Sourced from DBU's own official 2025-26 online-programme brochure (university marketing material, not an independent UGC-DEB portal confirmation). Brochure claims 'UGC Entitled' and NAAC A+ but this has not been independently verified against the regulator's own records."
desh-bhagat-university-08,Desh Bhagat University,DBU Online,Online MA (History),Online,2025-26 (per brochure; specific intake unconfirmed),https://deb.ugc.ac.in/Home/HEI_Prog_List,https://www.dbuonline.in,website-build/database/unprocessed/DBU-Online-Brochure-2025-26.pdf,unconfirmed - no fee figures published in source document,,,unconfirmed,Graduation in any discipline,unconfirmed,unconfirmed,2026-07-25,Pratham Goel (supplied source document); background research agent (transcription),stale,"Sourced from DBU's own official 2025-26 online-programme brochure (university marketing material, not an independent UGC-DEB portal confirmation). Brochure claims 'UGC Entitled' and NAAC A+ but this has not been independently verified against the regulator's own records."
desh-bhagat-university-09,Desh Bhagat University,DBU Online,Online MA (Political Science),Online,2025-26 (per brochure; specific intake unconfirmed),https://deb.ugc.ac.in/Home/HEI_Prog_List,https://www.dbuonline.in,website-build/database/unprocessed/DBU-Online-Brochure-2025-26.pdf,unconfirmed - no fee figures published in source document,,,unconfirmed,Graduation in any discipline,unconfirmed,unconfirmed,2026-07-25,Pratham Goel (supplied source document); background research agent (transcription),stale,"Sourced from DBU's own official 2025-26 online-programme brochure (university marketing material, not an independent UGC-DEB portal confirmation). Brochure claims 'UGC Entitled' and NAAC A+ but this has not been independently verified against the regulator's own records."
desh-bhagat-university-10,Desh Bhagat University,DBU Online,Online M.Lib,Online,2025-26 (per brochure; specific intake unconfirmed),https://deb.ugc.ac.in/Home/HEI_Prog_List,https://www.dbuonline.in,website-build/database/unprocessed/DBU-Online-Brochure-2025-26.pdf,unconfirmed - no fee figures published in source document,,,unconfirmed,B.Lib with minimum 50%,unconfirmed,unconfirmed,2026-07-25,Pratham Goel (supplied source document); background research agent (transcription),stale,"Sourced from DBU's own official 2025-26 online-programme brochure (university marketing material, not an independent UGC-DEB portal confirmation). Brochure claims 'UGC Entitled' and NAAC A+ but this has not been independently verified against the regulator's own records."
desh-bhagat-university-11,Desh Bhagat University,DBU Online,Online B.Com,Online,2025-26 (per brochure; specific intake unconfirmed),https://deb.ugc.ac.in/Home/HEI_Prog_List,https://www.dbuonline.in,website-build/database/unprocessed/DBU-Online-Brochure-2025-26.pdf,unconfirmed - no fee figures published in source document,,,unconfirmed,"10+2 (any stream), minimum 50%",unconfirmed,unconfirmed,2026-07-25,Pratham Goel (supplied source document); background research agent (transcription),stale,"Sourced from DBU's own official 2025-26 online-programme brochure (university marketing material, not an independent UGC-DEB portal confirmation). Brochure claims 'UGC Entitled' and NAAC A+ but this has not been independently verified against the regulator's own records."
desh-bhagat-university-12,Desh Bhagat University,DBU Online,Online BBA,Online,2025-26 (per brochure; specific intake unconfirmed),https://deb.ugc.ac.in/Home/HEI_Prog_List,https://www.dbuonline.in,website-build/database/unprocessed/DBU-Online-Brochure-2025-26.pdf,unconfirmed - no fee figures published in source document,,,unconfirmed,"10+2 (any stream), minimum 50%",unconfirmed,unconfirmed,2026-07-25,Pratham Goel (supplied source document); background research agent (transcription),stale,"Sourced from DBU's own official 2025-26 online-programme brochure (university marketing material, not an independent UGC-DEB portal confirmation). Brochure claims 'UGC Entitled' and NAAC A+ but this has not been independently verified against the regulator's own records."
desh-bhagat-university-13,Desh Bhagat University,DBU Online,Online BA,Online,2025-26 (per brochure; specific intake unconfirmed),https://deb.ugc.ac.in/Home/HEI_Prog_List,https://www.dbuonline.in,website-build/database/unprocessed/DBU-Online-Brochure-2025-26.pdf,unconfirmed - no fee figures published in source document,,,unconfirmed,"10+2 (any stream), minimum 50%",unconfirmed,unconfirmed,2026-07-25,Pratham Goel (supplied source document); background research agent (transcription),stale,"Sourced from DBU's own official 2025-26 online-programme brochure (university marketing material, not an independent UGC-DEB portal confirmation). Brochure claims 'UGC Entitled' and NAAC A+ but this has not been independently verified against the regulator's own records."
